Feedback_ID,Feedback_Date,Product,Rating,Feedback_Type,Channel
8030,2025-01-02,Delivery Service,3,Neutral,Website
8020,2025-01-02,Mobile App,4,Positive,App
8043,2025-01-04,Website,5,Positive,App
8018,2025-01-11,Payment System,3,Neutral,App
8021,2025-01-12,Mobile App,4,Positive,Website
8044,2025-01-19,Delivery Service,4,Positive,App
8062,2025-01-20,Website,4,Positive,App
8009,2025-01-20,Delivery Service,5,Positive,Email
8046,2025-01-22,Delivery Service,4,Positive,Website
8075,2025-01-24,Customer Support,3,Neutral,App
8056,2025-01-25,Website,4,Positive,App
8081,2025-01-26,Website,1,Negative,App
8039,2025-01-26,Payment System,5,Positive,App
8073,2025-01-28,Delivery Service,2,Negative,App
8064,2025-01-28,Website,5,Positive,Website
8036,2025-01-29,Customer Support,4,Positive,Call Center
8072,2025-01-31,Customer Support,2,Negative,App
8077,2025-02-01,Mobile App,4,Positive,Email
8069,2025-02-04,Mobile App,5,Positive,Website
8019,2025-02-05,Payment System,5,Positive,App
8040,2025-02-07,Website,3,Neutral,App
8003,2025-02-07,Customer Support,5,Positive,Website
8099,2025-02-09,Payment System,4,Positive,App
8029,2025-02-10,Website,5,Positive,Website
8096,2025-02-12,Delivery Service,4,Positive,App
8070,2025-02-15,Mobile App,5,Positive,Call Center
8058,2025-02-16,Mobile App,3,Neutral,App
8079,2025-02-17,Website,5,Positive,App
8071,2025-02-17,Payment System,4,Positive,App
8034,2025-02-21,Mobile App,4,Positive,Website
8063,2025-02-22,Mobile App,1,Negative,Email
8013,2025-02-24,Delivery Service,4,Positive,App
8061,2025-02-25,Delivery Service,3,Neutral,Email
8085,2025-02-26,Mobile App,4,Positive,App
8011,2025-03-01,Mobile App,4,Positive,Website
8090,2025-03-02,Mobile App,3,Neutral,Call Center
8042,2025-03-02,Mobile App,4,Positive,App
8049,2025-03-05,Website,3,Neutral,Email
8065,2025-03-08,Customer Support,5,Positive,App
8091,2025-03-10,Website,5,Positive,App
8068,2025-03-12,Customer Support,4,Positive,Website
8088,2025-03-12,Customer Support,4,Positive,App
8067,2025-03-13,Delivery Service,3,Neutral,Website
8055,2025-03-15,Customer Support,1,Negative,App
8066,2025-03-20,Website,3,Neutral,App
8023,2025-03-23,Delivery Service,5,Positive,Email
8002,2025-03-26,Mobile App,4,Positive,App
8001,2025-04-06,Delivery Service,4,Positive,Website
8028,2025-04-08,Payment System,4,Positive,Website
8078,2025-04-09,Mobile App,1,Negative,App
8051,2025-04-12,Payment System,4,Positive,App
8080,2025-04-13,Website,3,Neutral,App
8092,2025-04-14,Customer Support,3,Neutral,Website
8035,2025-04-16,Mobile App,4,Positive,Website
8095,2025-04-18,Payment System,5,Positive,App
8050,2025-04-19,Website,5,Positive,Call Center
8048,2025-04-20,Customer Support,5,Positive,App
8084,2025-04-20,Website,4,Positive,Email
8045,2025-04-27,Customer Support,1,Negative,Website
8015,2025-04-28,Mobile App,3,Neutral,App
8007,2025-04-28,Website,4,Positive,Website
8012,2025-04-29,Mobile App,3,Neutral,Call Center
8024,2025-05-02,Customer Support,5,Positive,Email
8027,2025-05-05,Customer Support,4,Positive,Call Center
8076,2025-05-07,Payment System,4,Positive,App
8022,2025-05-07,Customer Support,5,Positive,App
8037,2025-05-09,Payment System,4,Positive,Website
8086,2025-05-09,Mobile App,5,Positive,Website
8087,2025-05-11,Website,4,Positive,App
8074,2025-05-11,Mobile App,5,Positive,App
8032,2025-05-13,Website,3,Neutral,Email
8097,2025-05-13,Mobile App,4,Positive,App
8025,2025-05-15,Payment System,2,Negative,Website
8060,2025-05-16,Delivery Service,2,Negative,App
8041,2025-05-20,Mobile App,4,Positive,App
8083,2025-05-21,Payment System,3,Neutral,App
8017,2025-05-24,Website,4,Positive,Email
8052,2025-05-26,Mobile App,5,Positive,App
8057,2025-05-27,Delivery Service,4,Positive,Website
8089,2025-05-28,Payment System,2,Negative,App
8026,2025-05-29,Payment System,5,Positive,App
8047,2025-05-31,Payment System,2,Negative,App
8100,2025-06-01,Website,5,Positive,App
8004,2025-06-02,Customer Support,5,Positive,App
8053,2025-06-03,Mobile App,4,Positive,App
8098,2025-06-05,Payment System,5,Positive,App
8033,2025-06-07,Website,5,Positive,App
8005,2025-06-09,Website,5,Positive,App
8010,2025-06-10,Customer Support,3,Neutral,App
8059,2025-06-10,Mobile App,5,Positive,Website
8054,2025-06-13,Mobile App,5,Positive,App
8014,2025-06-14,Website,3,Neutral,Website
8093,2025-06-16,Delivery Service,3,Neutral,Email
8094,2025-06-16,Customer Support,4,Positive,App
8006,2025-06-17,Payment System,5,Positive,Email
8038,2025-06-18,Website,5,Positive,App
8008,2025-06-22,Payment System,5,Positive,App
8016,2025-06-25,Website,3,Neutral,Email
8031,2025-06-29,Mobile App,5,Positive,Email
8082,2025-06-30,Customer Support,3,Neutral,Call Center
