customer_id,age,gender,marital_status,employment_length,annual_income,loan_amount,credit_limit,current_balance,num_credit_cards,num_late_payments,loan_purpose,loan_term,interest_rate,defaulted,loan_status
1,59,Male,Divorced,9.0,20340.0,59122,11161.0,61382,1,3,Car Loan,24,5.79,0,Fully Paid
2,49,Male,Married,5.0,195021.0,34493,48751.0,90194,7,1,Education,60,11.11,0,Fully Paid
3,35,Male,Divorced,13.0,102302.0,78539,92063.0,32574,3,0,Vacation,36,19.89,0,Fully Paid
4,63,Female,Single,3.0,20138.0,36707,,41910,4,3,Home Improvement,24,5.95,0,Fully Paid
5,28,Female,Married,,151430.0,73814,24758.0,73531,3,1,Education,24,9.39,0,Fully Paid
6,41,Male,Married,24.0,139619.0,12296,75780.0,25186,7,2,Education,12,19.12,0,Fully Paid
7,59,Male,Divorced,12.0,105376.0,30398,13178.0,94781,7,0,Education,60,20.65,0,Fully Paid
8,39,Male,Single,19.0,119931.0,40842,41831.0,22813,7,0,Education,24,14.11,1,Defaulted
9,43,Female,Married,16.0,181726.0,18261,12176.0,78812,2,0,Car Loan,60,18.96,0,Fully Paid
10,31,Female,Single,22.0,176951.0,61704,43654.0,85525,6,2,Vacation,12,12.76,0,Fully Paid
11,31,Female,Married,,,72173,36627.0,78282,2,2,Vacation,60,8.2,0,Fully Paid
12,44,Female,Single,3.0,75778.0,36781,62550.0,18557,6,2,Home Improvement,12,12.96,0,Fully Paid
13,56,Male,Divorced,28.0,57772.0,18652,54910.0,28060,5,0,Debt Consolidation,12,16.6,0,Fully Paid
14,60,Male,Married,13.0,78478.0,10103,68251.0,58866,2,0,Car Loan,48,23.96,1,Defaulted
15,44,Male,Married,2.0,46762.0,30500,45422.0,72104,3,3,Home Improvement,60,6.38,0,Fully Paid
16,23,Male,Single,23.0,164355.0,40529,21984.0,84577,6,1,Home Improvement,36,15.15,0,Fully Paid
17,42,Female,Single,4.0,190492.0,23452,99312.0,6080,2,0,Education,48,11.58,0,Fully Paid
18,22,Female,Married,15.0,75568.0,54393,71386.0,13854,4,4,Debt Consolidation,12,15.17,0,Fully Paid
19,44,Male,Divorced,25.0,105090.0,36174,93291.0,67695,7,0,Debt Consolidation,36,5.48,1,Defaulted
20,64,Male,Single,22.0,,69450,17135.0,27025,6,0,Car Loan,24,11.26,0,Fully Paid
21,50,Female,Single,19.0,77169.0,40436,10320.0,52982,6,2,Debt Consolidation,24,21.4,0,Fully Paid
22,58,Male,Single,3.0,94965.0,52406,31684.0,41081,2,1,Home Improvement,48,16.08,0,Fully Paid
23,22,Female,Married,23.0,197912.0,68059,65913.0,4368,5,0,Debt Consolidation,36,14.01,0,Fully Paid
24,41,Male,Married,29.0,195767.0,20954,98774.0,99621,2,1,Debt Consolidation,60,10.71,0,Fully Paid
25,53,Male,Married,23.0,104754.0,17356,31889.0,27094,3,2,Vacation,36,10.96,0,Fully Paid
26,32,Male,Married,1.0,97988.0,7187,58899.0,46040,3,0,Home Improvement,48,12.66,0,Fully Paid
27,42,Male,Divorced,29.0,170023.0,40098,20770.0,66766,6,0,Debt Consolidation,60,21.71,0,Fully Paid
28,64,Male,Divorced,17.0,,26225,49321.0,83053,6,1,Debt Consolidation,60,24.34,0,Fully Paid
29,45,Male,Married,18.0,100388.0,8606,95962.0,23991,2,0,Education,24,13.77,0,Fully Paid
30,47,Male,Divorced,27.0,110768.0,62620,51777.0,1301,3,1,Debt Consolidation,36,12.87,1,Defaulted
31,62,Female,Single,27.0,55428.0,37828,56250.0,28610,3,1,Debt Consolidation,60,21.93,0,Fully Paid
32,48,Female,Single,18.0,112021.0,31489,83034.0,81463,5,1,Vacation,48,13.54,1,Defaulted
33,36,Female,Single,16.0,138418.0,19387,50130.0,34678,4,0,Home Improvement,24,16.04,1,Defaulted
34,35,Female,Married,13.0,,74463,91931.0,24466,5,1,Car Loan,60,9.62,1,Defaulted
35,64,Female,Single,18.0,152212.0,76832,59346.0,80440,1,4,Home Improvement,36,19.87,0,Fully Paid
36,23,Male,Divorced,21.0,175914.0,7591,12537.0,40875,7,1,Education,24,15.64,0,Fully Paid
37,57,Male,Married,23.0,46421.0,53516,94762.0,26081,5,2,Home Improvement,36,21.18,0,Fully Paid
38,27,Female,Divorced,12.0,21708.0,67061,25216.0,24354,2,1,Debt Consolidation,36,20.61,0,Fully Paid
39,41,Male,Single,11.0,154702.0,71736,94149.0,93297,4,1,Education,36,9.3,0,Fully Paid
40,29,Female,Single,29.0,170667.0,66753,13009.0,18300,2,2,Home Improvement,24,19.31,0,Fully Paid
41,59,Female,Single,25.0,96021.0,16087,99904.0,64384,7,0,Education,60,21.0,1,Defaulted
42,38,Male,Married,5.0,179380.0,35816,39327.0,95027,1,0,Car Loan,12,11.92,0,Fully Paid
43,24,Male,Divorced,20.0,64789.0,28408,24209.0,60892,4,1,Home Improvement,60,8.45,0,Fully Paid
44,45,Male,Married,3.0,46086.0,5136,58443.0,35525,6,0,Debt Consolidation,24,5.05,0,Fully Paid
45,34,Female,Married,18.0,36859.0,22413,25029.0,26532,3,0,Education,12,14.02,0,Fully Paid
46,29,Male,Single,15.0,27684.0,64500,77613.0,6464,5,1,Vacation,12,12.05,0,Fully Paid
47,46,Female,Married,12.0,111088.0,61358,89443.0,16562,2,1,Education,12,16.1,0,Fully Paid
48,22,Female,Married,3.0,152279.0,71197,66997.0,55514,1,1,Vacation,48,8.76,0,Fully Paid
49,40,Female,Single,29.0,66099.0,37854,72559.0,74219,3,1,Debt Consolidation,24,22.19,0,Fully Paid
50,48,Male,Married,22.0,86093.0,21322,74892.0,32634,5,3,Car Loan,48,10.16,1,Defaulted
51,27,Male,Single,16.0,180761.0,11968,80409.0,60,3,2,Vacation,12,9.53,0,Fully Paid
52,64,Female,Single,22.0,68651.0,32518,18635.0,9269,5,0,Car Loan,48,14.61,1,Defaulted
53,28,Male,Single,0.0,33893.0,56925,43065.0,63143,6,1,Education,48,14.98,0,Fully Paid
54,55,Male,Single,17.0,86418.0,64848,43783.0,23065,4,0,Debt Consolidation,24,9.3,0,Fully Paid
55,34,Male,Married,19.0,145074.0,6700,,2895,3,0,Vacation,36,10.44,0,Fully Paid
56,37,Female,Single,16.0,123065.0,28199,68741.0,80859,3,0,Education,48,8.39,0,Fully Paid
57,56,Female,Single,26.0,150351.0,49589,61502.0,12352,3,1,Home Improvement,48,19.37,0,Fully Paid
58,60,Male,Married,27.0,58635.0,37115,39092.0,49737,4,0,Education,12,20.4,0,Fully Paid
59,24,Female,Married,26.0,115071.0,66934,27653.0,96426,1,0,Car Loan,12,14.25,0,Fully Paid
60,22,Male,Divorced,14.0,98518.0,59316,50469.0,32016,5,2,Debt Consolidation,12,19.28,0,Fully Paid
61,26,Male,Married,10.0,126233.0,10520,,61304,6,0,Debt Consolidation,60,19.72,1,Defaulted
62,62,Male,Married,24.0,123651.0,41455,69754.0,11962,3,0,Education,48,7.77,0,Fully Paid
63,24,Male,Divorced,27.0,92805.0,46605,39978.0,33302,7,2,Home Improvement,12,24.32,0,Fully Paid
64,49,Female,Married,21.0,179136.0,19955,97592.0,85382,4,0,Car Loan,24,21.42,0,Fully Paid
65,38,Female,Married,12.0,142813.0,49049,53169.0,4011,1,2,Education,60,9.09,0,Fully Paid
66,46,Female,Married,0.0,99063.0,18917,58287.0,19782,5,0,Education,36,8.72,0,Fully Paid
67,64,Male,Married,16.0,22454.0,75293,64745.0,67691,4,1,Debt Consolidation,48,7.51,0,Fully Paid
68,54,Male,Divorced,,40878.0,69925,15543.0,39725,6,3,Car Loan,48,7.77,0,Fully Paid
69,30,Male,Married,3.0,164063.0,75269,,9196,6,2,Home Improvement,24,19.96,1,Defaulted
70,56,Female,Married,19.0,88344.0,35954,31067.0,43459,5,1,Debt Consolidation,36,14.39,0,Fully Paid
71,34,Male,Divorced,15.0,124946.0,77617,61033.0,87245,3,0,Education,36,20.66,0,Fully Paid
72,51,Female,Single,14.0,56593.0,46458,55256.0,78863,6,2,Debt Consolidation,60,19.93,0,Fully Paid
73,35,Female,Divorced,26.0,56304.0,26113,79345.0,32769,1,0,Debt Consolidation,48,17.09,0,Fully Paid
74,28,Female,Single,14.0,181458.0,48939,32191.0,24700,4,2,Vacation,12,18.73,0,Fully Paid
75,34,Female,Divorced,5.0,133613.0,34345,96803.0,80356,1,2,Debt Consolidation,24,5.37,0,Fully Paid
76,43,Female,Divorced,14.0,172155.0,51313,82742.0,76427,3,1,Debt Consolidation,24,11.24,0,Fully Paid
77,60,Female,Married,13.0,38354.0,74166,96593.0,5269,1,0,Car Loan,24,17.76,0,Fully Paid
78,41,Male,Single,27.0,42190.0,52861,38992.0,43880,1,2,Debt Consolidation,24,5.19,0,Fully Paid
79,36,Male,Married,10.0,26142.0,54298,91531.0,8320,2,1,Home Improvement,12,5.66,0,Fully Paid
80,38,Female,Single,,179470.0,52221,58803.0,49589,1,1,Education,12,22.04,0,Fully Paid
81,44,Female,Divorced,8.0,61862.0,49942,73477.0,76276,5,1,Car Loan,60,18.68,0,Fully Paid
82,46,Male,Divorced,25.0,170575.0,8453,23210.0,35897,4,3,Debt Consolidation,48,10.31,0,Fully Paid
83,45,Female,Single,15.0,145438.0,59935,93329.0,58565,2,1,Home Improvement,12,18.76,0,Fully Paid
84,61,Female,Married,4.0,68456.0,48370,,30930,4,2,Education,60,20.85,1,Defaulted
85,49,Male,Married,24.0,120167.0,13328,72008.0,57233,4,1,Car Loan,36,11.14,1,Defaulted
86,35,Female,Married,19.0,102035.0,20534,15197.0,82821,3,2,Home Improvement,48,5.72,0,Fully Paid
87,21,Female,Married,28.0,28016.0,41320,17452.0,14380,3,1,Debt Consolidation,12,23.66,0,Fully Paid
88,45,Female,Divorced,9.0,22384.0,54170,51486.0,76896,2,1,Vacation,36,11.9,0,Fully Paid
89,27,Male,Divorced,17.0,166144.0,13640,24859.0,70934,6,1,Vacation,60,7.13,0,Fully Paid
90,29,Male,Divorced,2.0,122239.0,35049,37236.0,55830,7,2,Car Loan,12,14.84,0,Fully Paid
91,44,Male,Divorced,12.0,131431.0,10618,41899.0,5529,3,1,Home Improvement,12,20.37,0,Fully Paid
92,21,Female,Divorced,10.0,100018.0,61053,42083.0,94598,7,1,Education,36,9.43,0,Fully Paid
93,64,Female,Married,16.0,60510.0,6920,77708.0,82987,3,1,Home Improvement,12,10.39,0,Fully Paid
94,28,Male,Married,29.0,41826.0,48937,,49178,3,0,Vacation,24,9.85,0,Fully Paid
95,44,Female,Married,29.0,88026.0,74724,29053.0,6937,4,0,Car Loan,12,24.83,0,Fully Paid
96,31,Female,Married,21.0,141668.0,17207,21085.0,39886,2,0,Debt Consolidation,48,8.95,0,Fully Paid
97,37,Female,Divorced,12.0,176590.0,70774,40564.0,49699,4,0,Home Improvement,36,16.51,0,Fully Paid
98,28,Female,Divorced,5.0,44045.0,37972,99745.0,76396,5,0,Vacation,48,23.51,0,Fully Paid
99,55,Female,Divorced,16.0,110102.0,15799,69095.0,90678,4,0,Education,60,7.94,0,Fully Paid
100,55,Male,Single,26.0,71919.0,76088,79517.0,25279,7,0,Car Loan,48,24.42,0,Fully Paid
101,53,Female,Married,12.0,119441.0,33916,31153.0,38106,7,1,Debt Consolidation,24,23.95,0,Fully Paid
102,25,Male,Married,18.0,,75463,15247.0,79737,5,1,Home Improvement,24,22.69,0,Fully Paid
103,62,Female,Divorced,,187260.0,42158,20553.0,40544,1,1,Education,48,9.29,0,Fully Paid
104,59,Male,Married,18.0,156917.0,76696,,8997,1,2,Debt Consolidation,60,17.68,0,Fully Paid
105,61,Female,Married,9.0,187746.0,66510,,85711,5,2,Vacation,12,20.22,0,Fully Paid
106,48,Male,Divorced,,138325.0,63692,15573.0,40860,5,2,Vacation,24,24.72,0,Fully Paid
107,27,Female,Single,13.0,39337.0,66744,89267.0,3225,4,0,Education,48,8.61,0,Fully Paid
108,29,Male,Single,25.0,173385.0,20810,17189.0,59470,5,3,Vacation,48,20.32,0,Fully Paid
109,28,Female,Single,18.0,178015.0,10126,90077.0,63656,2,0,Car Loan,48,11.78,0,Fully Paid
110,32,Male,Divorced,4.0,97949.0,35009,53646.0,51880,1,1,Education,12,8.51,0,Fully Paid
111,54,Female,Married,28.0,20276.0,5192,86623.0,61078,1,0,Vacation,36,13.43,0,Fully Paid
112,53,Male,Divorced,4.0,71151.0,41413,63687.0,88646,6,1,Home Improvement,60,20.88,0,Fully Paid
113,43,Male,Divorced,19.0,168683.0,17816,78312.0,76290,5,0,Vacation,36,14.3,0,Fully Paid
114,44,Female,Married,16.0,163016.0,44082,37564.0,56633,3,1,Car Loan,60,15.75,0,Fully Paid
115,57,Female,Single,20.0,72887.0,70048,38835.0,26655,3,1,Debt Consolidation,60,24.9,0,Fully Paid
116,55,Male,Single,9.0,101442.0,55940,71587.0,43601,5,1,Debt Consolidation,48,12.98,0,Fully Paid
117,64,Female,Divorced,4.0,69847.0,37130,17697.0,3114,2,0,Vacation,24,17.31,0,Fully Paid
118,60,Male,Single,3.0,78653.0,45142,90165.0,26502,3,1,Debt Consolidation,48,12.3,1,Defaulted
119,42,Male,Divorced,5.0,76622.0,41468,83922.0,49768,6,0,Vacation,12,12.86,0,Fully Paid
120,47,Male,Divorced,25.0,47810.0,35698,27046.0,48128,7,1,Car Loan,60,18.91,1,Defaulted
121,55,Female,Married,3.0,97842.0,15655,67823.0,20028,5,0,Debt Consolidation,24,23.76,0,Fully Paid
122,21,Male,Married,29.0,142225.0,52897,83580.0,55565,2,1,Home Improvement,60,15.85,0,Fully Paid
123,55,Male,Married,6.0,30503.0,35075,63370.0,83123,2,1,Vacation,60,20.37,0,Fully Paid
124,57,Female,Divorced,6.0,104761.0,14359,19615.0,35333,4,0,Debt Consolidation,48,6.78,0,Fully Paid
125,34,Female,Married,17.0,188048.0,47056,15060.0,3174,2,1,Car Loan,24,9.22,0,Fully Paid
126,23,Female,Single,2.0,,56831,86436.0,35398,3,1,Car Loan,24,15.04,0,Fully Paid
127,21,Female,Single,0.0,31590.0,64191,,35929,7,0,Home Improvement,60,5.4,0,Fully Paid
128,25,Male,Divorced,23.0,161958.0,38272,81117.0,4321,3,1,Car Loan,24,10.06,0,Fully Paid
129,46,Male,Divorced,24.0,163938.0,19671,71158.0,95971,5,1,Car Loan,24,15.35,0,Fully Paid
130,34,Male,Married,3.0,86624.0,32048,44782.0,55421,7,0,Debt Consolidation,48,5.3,1,Defaulted
131,59,Male,Divorced,5.0,183864.0,30963,95709.0,72635,5,0,Vacation,36,10.29,0,Fully Paid
132,47,Female,Divorced,8.0,,48954,88533.0,23760,2,0,Education,12,15.28,0,Fully Paid
133,29,Male,Single,21.0,140356.0,77309,68255.0,11360,6,2,Car Loan,36,16.46,0,Fully Paid
134,35,Male,Single,13.0,62727.0,5717,82684.0,10313,1,0,Car Loan,24,23.52,0,Fully Paid
135,35,Female,Married,27.0,98471.0,16676,66918.0,85998,7,0,Education,60,17.91,0,Fully Paid
136,46,Male,Divorced,11.0,28068.0,9434,94284.0,5801,4,1,Car Loan,12,13.29,0,Fully Paid
137,62,Male,Divorced,27.0,136923.0,54810,89558.0,14130,1,4,Debt Consolidation,12,23.61,0,Fully Paid
138,33,Male,Single,24.0,158367.0,9994,95549.0,14271,2,1,Debt Consolidation,60,20.7,0,Fully Paid
139,52,Male,Divorced,19.0,192232.0,9234,91422.0,16075,2,2,Education,12,9.0,1,Defaulted
140,59,Male,Single,23.0,31390.0,74300,35256.0,18984,1,1,Car Loan,60,7.62,0,Fully Paid
141,52,Male,Married,,126752.0,48949,40005.0,88095,4,4,Car Loan,12,18.52,1,Defaulted
142,24,Female,Single,3.0,171203.0,42405,16638.0,60942,7,4,Vacation,36,16.2,1,Defaulted
143,50,Female,Divorced,20.0,,39872,47419.0,12861,7,3,Car Loan,12,20.79,0,Fully Paid
144,57,Male,Married,29.0,95969.0,47215,43377.0,98970,1,0,Debt Consolidation,48,19.78,0,Fully Paid
145,43,Male,Single,23.0,166110.0,28185,53116.0,82203,5,1,Home Improvement,60,17.5,0,Fully Paid
146,59,Female,Single,11.0,97064.0,48442,46634.0,71376,3,0,Home Improvement,12,24.73,0,Fully Paid
147,35,Male,Married,9.0,41281.0,56759,92291.0,61247,6,0,Home Improvement,60,15.67,0,Fully Paid
148,63,Male,Married,29.0,74189.0,46153,33382.0,69101,5,1,Home Improvement,48,7.26,0,Fully Paid
149,49,Male,Single,21.0,68511.0,7581,66063.0,20977,7,0,Car Loan,12,21.57,0,Fully Paid
150,56,Female,Divorced,27.0,142115.0,56717,32394.0,50617,3,4,Car Loan,12,10.04,0,Fully Paid
151,33,Male,Single,6.0,28605.0,7763,77789.0,57473,6,0,Vacation,48,20.55,1,Defaulted
152,52,Female,Married,,120318.0,60480,10864.0,86654,6,2,Car Loan,48,24.14,0,Fully Paid
153,27,Male,Single,22.0,152453.0,43759,50222.0,88177,6,0,Home Improvement,48,18.94,0,Fully Paid
154,42,Female,Married,27.0,39810.0,30307,23666.0,72902,2,1,Education,60,16.92,1,Defaulted
155,48,Female,Married,13.0,175394.0,16064,,92172,6,1,Education,48,14.21,0,Fully Paid
156,22,Male,Divorced,23.0,61869.0,42548,91845.0,15630,4,1,Debt Consolidation,60,12.29,0,Fully Paid
157,62,Female,Married,,52955.0,41945,79590.0,20056,1,0,Debt Consolidation,36,12.06,0,Fully Paid
158,26,Male,Married,15.0,81388.0,52937,76471.0,7382,7,0,Car Loan,12,17.73,0,Fully Paid
159,48,Female,Divorced,15.0,30207.0,11476,98314.0,55739,4,3,Education,12,20.03,0,Fully Paid
160,48,Male,Married,21.0,179292.0,56756,53298.0,81685,1,1,Home Improvement,24,18.57,1,Defaulted
161,64,Male,Divorced,9.0,42031.0,7382,73108.0,48639,5,0,Home Improvement,36,8.97,0,Fully Paid
162,64,Female,Divorced,24.0,100807.0,54683,58924.0,59838,5,0,Home Improvement,48,14.88,0,Fully Paid
163,40,Male,Married,12.0,91312.0,50276,26709.0,46041,1,1,Car Loan,48,20.83,0,Fully Paid
164,50,Male,Married,5.0,79766.0,38402,19726.0,992,4,0,Car Loan,36,14.51,0,Fully Paid
165,31,Female,Single,11.0,163521.0,31946,,72394,1,2,Vacation,48,15.73,1,Defaulted
166,48,Male,Divorced,8.0,109833.0,78933,50542.0,67657,6,0,Home Improvement,24,20.42,1,Defaulted
167,45,Male,Single,12.0,131041.0,27335,30245.0,27160,2,1,Home Improvement,60,18.23,0,Fully Paid
168,59,Female,Married,,136185.0,50095,44753.0,45156,7,1,Car Loan,12,13.19,0,Fully Paid
169,53,Female,Single,23.0,197164.0,32197,89788.0,51375,5,2,Car Loan,36,22.91,0,Fully Paid
170,21,Male,Divorced,10.0,30350.0,27010,31316.0,86442,7,2,Vacation,12,8.25,0,Fully Paid
171,47,Male,Single,19.0,120859.0,29123,94698.0,19572,2,1,Vacation,60,24.91,0,Fully Paid
172,33,Female,Divorced,17.0,88487.0,7890,25960.0,4136,6,0,Debt Consolidation,36,7.38,0,Fully Paid
173,61,Female,Married,25.0,168694.0,13026,40791.0,61868,6,1,Education,60,5.3,1,Defaulted
174,23,Male,Married,10.0,143853.0,69925,35216.0,82263,5,2,Home Improvement,48,22.8,0,Fully Paid
175,59,Female,Divorced,,73117.0,73842,42467.0,32167,5,2,Home Improvement,48,9.9,1,Defaulted
176,26,Male,Married,,121084.0,38665,74427.0,15479,6,2,Vacation,48,19.59,0,Fully Paid
177,28,Male,Married,,43782.0,14277,72047.0,31376,3,1,Vacation,60,21.22,0,Fully Paid
178,47,Male,Married,17.0,48454.0,47239,83290.0,4823,7,1,Debt Consolidation,60,22.18,1,Defaulted
179,29,Male,Married,0.0,87904.0,52664,57014.0,70456,2,0,Education,60,24.83,0,Fully Paid
180,57,Male,Divorced,26.0,149936.0,53008,14078.0,19585,7,0,Debt Consolidation,12,10.88,1,Defaulted
181,53,Female,Single,6.0,166664.0,19683,,17272,2,1,Education,60,19.2,0,Fully Paid
182,62,Female,Single,5.0,173245.0,5670,60519.0,26619,3,3,Home Improvement,48,7.31,0,Fully Paid
183,64,Female,Married,14.0,184276.0,22889,,75069,4,0,Debt Consolidation,24,13.14,1,Defaulted
184,44,Female,Single,17.0,186668.0,60612,59052.0,39895,2,3,Vacation,60,21.96,0,Fully Paid
185,35,Male,Single,23.0,185396.0,49535,24389.0,3720,7,0,Debt Consolidation,24,12.35,1,Defaulted
186,52,Male,Married,10.0,142258.0,59319,78111.0,19267,1,2,Debt Consolidation,48,16.82,1,Defaulted
187,52,Male,Married,19.0,131668.0,26639,,15696,6,0,Home Improvement,60,15.08,0,Fully Paid
188,44,Male,Single,23.0,144184.0,69712,44754.0,29968,6,2,Vacation,12,17.92,0,Fully Paid
189,61,Female,Divorced,14.0,181822.0,21633,28624.0,53364,3,2,Vacation,12,24.46,0,Fully Paid
190,32,Male,Married,15.0,36566.0,39660,95886.0,23345,2,3,Car Loan,24,6.11,0,Fully Paid
191,59,Male,Divorced,6.0,158262.0,73975,36681.0,51567,4,0,Car Loan,12,16.48,0,Fully Paid
192,22,Female,Single,20.0,58333.0,37172,99524.0,91229,2,0,Car Loan,12,22.26,0,Fully Paid
193,23,Female,Married,9.0,141929.0,64197,91006.0,61607,6,3,Home Improvement,12,14.63,0,Fully Paid
194,57,Female,Divorced,25.0,109571.0,63847,34704.0,19385,5,2,Debt Consolidation,48,6.57,0,Fully Paid
195,37,Female,Married,11.0,140263.0,16577,17493.0,83658,1,1,Vacation,12,16.21,0,Fully Paid
196,22,Male,Single,23.0,152661.0,25176,79639.0,66900,3,2,Vacation,36,11.64,1,Defaulted
197,22,Male,Divorced,13.0,45235.0,49386,64383.0,68244,5,0,Debt Consolidation,60,8.1,0,Fully Paid
198,48,Female,Single,24.0,20159.0,68972,12994.0,65425,7,1,Vacation,12,21.98,1,Defaulted
199,43,Male,Single,4.0,163217.0,46003,79280.0,78518,4,2,Debt Consolidation,12,15.43,0,Fully Paid
200,57,Male,Married,25.0,,24996,57234.0,82844,5,1,Home Improvement,12,23.67,0,Fully Paid
201,52,Male,Divorced,20.0,,40931,57291.0,32919,7,3,Home Improvement,36,21.12,0,Fully Paid
202,53,Female,Single,17.0,167309.0,40710,15594.0,90697,5,1,Home Improvement,12,18.86,0,Fully Paid
203,21,Male,Single,4.0,127507.0,39693,17371.0,57196,4,1,Debt Consolidation,12,5.1,1,Defaulted
204,39,Female,Divorced,2.0,159316.0,40740,57315.0,79401,5,1,Debt Consolidation,60,13.56,0,Fully Paid
205,22,Male,Single,22.0,34743.0,22374,93564.0,495,3,0,Education,36,8.95,0,Fully Paid
206,64,Male,Single,25.0,66101.0,50913,89526.0,44755,6,0,Vacation,36,23.22,0,Fully Paid
207,46,Male,Divorced,4.0,141534.0,71025,26626.0,67684,2,0,Vacation,12,8.49,0,Fully Paid
208,52,Female,Divorced,23.0,104227.0,49516,96005.0,33324,5,0,Education,36,10.72,0,Fully Paid
209,26,Male,Divorced,16.0,91126.0,31069,17130.0,78929,3,4,Education,24,15.34,0,Fully Paid
210,52,Female,Divorced,18.0,76071.0,61233,16828.0,1552,2,1,Home Improvement,36,10.27,0,Fully Paid
211,24,Female,Married,18.0,94763.0,64049,67514.0,51272,7,0,Education,36,9.2,0,Fully Paid
212,31,Female,Divorced,24.0,163309.0,44178,62664.0,35853,2,1,Debt Consolidation,36,16.98,1,Defaulted
213,37,Male,Married,20.0,166721.0,37821,27883.0,32924,7,1,Car Loan,48,6.78,0,Fully Paid
214,58,Male,Married,11.0,188785.0,56727,53059.0,74462,5,2,Debt Consolidation,48,6.16,0,Fully Paid
215,44,Male,Married,24.0,196481.0,65935,94078.0,96387,3,1,Education,48,12.44,0,Fully Paid
216,25,Male,Single,28.0,199838.0,21999,,23889,6,1,Vacation,36,19.41,0,Fully Paid
217,54,Female,Married,8.0,66154.0,67522,71269.0,54675,5,2,Debt Consolidation,24,16.1,1,Defaulted
218,26,Female,Married,0.0,27016.0,43712,85986.0,73591,7,4,Vacation,36,13.46,0,Fully Paid
219,42,Female,Single,17.0,199760.0,69551,95959.0,70190,4,1,Debt Consolidation,12,16.32,0,Fully Paid
220,31,Male,Single,20.0,,45172,12035.0,22634,2,0,Vacation,24,12.31,0,Fully Paid
221,36,Female,Single,3.0,132056.0,38722,50745.0,32363,5,2,Debt Consolidation,48,23.72,0,Fully Paid
222,53,Male,Divorced,9.0,74238.0,15625,27241.0,63752,7,0,Vacation,60,6.1,0,Fully Paid
223,29,Female,Single,24.0,78608.0,72165,62975.0,77004,2,1,Car Loan,24,18.47,0,Fully Paid
224,26,Male,Single,6.0,109081.0,11859,33154.0,56398,7,0,Home Improvement,48,22.83,0,Fully Paid
225,36,Male,Married,21.0,182969.0,46609,35625.0,98458,3,0,Debt Consolidation,24,21.08,0,Fully Paid
226,49,Female,Single,22.0,70961.0,48307,54950.0,40718,1,1,Car Loan,24,8.68,1,Defaulted
227,23,Female,Divorced,0.0,195829.0,26839,66396.0,82916,5,0,Home Improvement,36,10.92,0,Fully Paid
228,40,Female,Single,16.0,46917.0,32216,23331.0,26870,6,1,Debt Consolidation,12,19.34,1,Defaulted
229,56,Female,Divorced,23.0,173808.0,57953,73927.0,37394,5,5,Car Loan,60,6.69,0,Fully Paid
230,39,Male,Single,28.0,,65593,96226.0,52057,2,2,Car Loan,48,21.24,1,Defaulted
231,46,Female,Single,28.0,82551.0,77075,94719.0,79795,3,0,Car Loan,24,19.38,0,Fully Paid
232,23,Female,Single,1.0,173512.0,54522,73014.0,80409,7,2,Education,60,19.59,0,Fully Paid
233,39,Female,Single,,186277.0,9886,49346.0,13016,4,1,Vacation,24,7.0,0,Fully Paid
234,40,Male,Divorced,25.0,100811.0,12485,80411.0,42137,6,1,Home Improvement,12,19.36,0,Fully Paid
235,52,Male,Divorced,10.0,75103.0,36455,64478.0,153,3,2,Vacation,60,18.6,0,Fully Paid
236,27,Female,Married,8.0,192699.0,21767,22254.0,7853,5,2,Vacation,48,21.62,0,Fully Paid
237,61,Male,Divorced,6.0,,33453,65734.0,12379,4,0,Vacation,24,5.83,0,Fully Paid
238,53,Female,Single,21.0,39008.0,58442,38621.0,15792,3,2,Car Loan,12,5.46,0,Fully Paid
239,60,Male,Married,16.0,52402.0,56877,86441.0,38367,1,0,Vacation,60,12.46,0,Fully Paid
240,59,Male,Married,16.0,156865.0,17226,56121.0,18100,6,2,Education,24,7.98,0,Fully Paid
241,38,Male,Married,1.0,156643.0,27588,91418.0,63456,2,0,Debt Consolidation,24,16.17,0,Fully Paid
242,60,Male,Single,5.0,167281.0,36709,70197.0,11049,3,0,Car Loan,48,23.35,0,Fully Paid
243,21,Female,Divorced,13.0,,52788,94577.0,786,3,1,Home Improvement,12,12.83,0,Fully Paid
244,31,Female,Single,5.0,194220.0,42019,52431.0,69904,1,1,Debt Consolidation,36,21.9,0,Fully Paid
245,48,Female,Married,1.0,111218.0,49948,14837.0,30699,5,1,Debt Consolidation,24,5.0,0,Fully Paid
246,45,Male,Single,0.0,153296.0,70133,93163.0,47691,7,0,Debt Consolidation,60,8.37,1,Defaulted
247,43,Female,Single,9.0,199767.0,71458,81232.0,37040,7,2,Vacation,48,5.61,0,Fully Paid
248,51,Female,Divorced,20.0,140779.0,32526,58994.0,92990,6,2,Vacation,48,11.56,0,Fully Paid
249,50,Female,Divorced,4.0,149714.0,78493,89079.0,57986,6,1,Car Loan,24,23.16,0,Fully Paid
250,62,Male,Married,1.0,52441.0,57198,22615.0,38762,2,1,Vacation,24,6.94,0,Fully Paid
251,55,Male,Single,21.0,190201.0,48395,11466.0,23600,3,0,Vacation,24,17.13,1,Defaulted
252,27,Male,Single,,82368.0,29031,40771.0,94774,4,1,Vacation,36,14.03,1,Defaulted
253,36,Female,Divorced,24.0,112122.0,42701,93886.0,90777,3,1,Car Loan,24,23.77,0,Fully Paid
254,46,Female,Single,1.0,64760.0,30939,75911.0,19810,7,0,Car Loan,12,7.45,0,Fully Paid
255,22,Female,Single,9.0,43478.0,54145,30746.0,85703,2,3,Education,60,9.24,0,Fully Paid
256,21,Male,Single,1.0,147881.0,25324,98422.0,87347,3,2,Education,24,5.59,0,Fully Paid
257,32,Male,Divorced,15.0,91854.0,27867,70739.0,57204,1,2,Education,36,13.68,0,Fully Paid
258,25,Female,Married,15.0,114230.0,5203,83369.0,20085,7,3,Education,60,10.56,0,Fully Paid
259,57,Male,Married,18.0,105716.0,21544,11893.0,46854,3,0,Debt Consolidation,48,22.4,0,Fully Paid
260,52,Male,Single,28.0,163252.0,20899,40573.0,74797,3,1,Debt Consolidation,24,17.1,0,Fully Paid
261,29,Male,Married,6.0,118538.0,34063,50874.0,84269,7,0,Education,60,17.28,0,Fully Paid
262,61,Male,Divorced,21.0,35372.0,8748,87362.0,39779,4,0,Education,48,15.64,0,Fully Paid
263,55,Female,Divorced,11.0,49796.0,71629,,56207,7,0,Home Improvement,36,6.84,0,Fully Paid
264,39,Male,Married,,118826.0,25884,43367.0,94615,1,3,Debt Consolidation,12,13.9,1,Defaulted
265,36,Male,Married,14.0,140592.0,30183,31199.0,33980,1,3,Home Improvement,24,24.99,0,Fully Paid
266,23,Male,Single,7.0,113635.0,76246,84328.0,56117,3,0,Home Improvement,12,21.7,0,Fully Paid
267,40,Male,Married,5.0,131022.0,24259,67724.0,14141,6,2,Vacation,36,22.87,1,Defaulted
268,44,Female,Single,27.0,74040.0,40959,96133.0,9344,4,1,Car Loan,60,21.46,1,Defaulted
269,53,Female,Single,26.0,95357.0,38457,46405.0,15896,3,2,Debt Consolidation,60,7.06,0,Fully Paid
270,44,Male,Divorced,9.0,98356.0,7103,25989.0,89353,7,1,Education,36,9.55,0,Fully Paid
271,31,Male,Divorced,2.0,36211.0,70901,38931.0,29813,3,0,Education,36,5.06,0,Fully Paid
272,28,Male,Divorced,18.0,125426.0,49535,19290.0,84431,2,0,Car Loan,24,11.07,0,Fully Paid
273,56,Male,Divorced,16.0,25842.0,21103,48367.0,65679,2,0,Debt Consolidation,48,7.17,0,Fully Paid
274,58,Male,Married,6.0,86852.0,17391,89878.0,10681,6,1,Education,12,14.46,1,Defaulted
275,60,Male,Divorced,20.0,145737.0,33901,89481.0,72903,4,0,Education,12,18.54,0,Fully Paid
276,40,Female,Married,19.0,65968.0,72914,86298.0,3228,5,2,Vacation,60,22.49,0,Fully Paid
277,55,Male,Divorced,25.0,37508.0,55357,40133.0,4582,2,1,Home Improvement,60,19.98,0,Fully Paid
278,45,Female,Married,3.0,173077.0,43437,37052.0,78683,5,0,Education,24,23.77,0,Fully Paid
279,55,Female,Single,13.0,74575.0,40503,95489.0,11397,1,1,Debt Consolidation,36,6.08,0,Fully Paid
280,45,Male,Married,19.0,,46258,50475.0,38799,2,1,Car Loan,12,5.24,0,Fully Paid
281,49,Female,Married,,176671.0,38724,92666.0,37011,2,2,Vacation,24,18.23,0,Fully Paid
282,38,Female,Divorced,14.0,86914.0,69286,67656.0,79183,4,0,Debt Consolidation,60,10.79,0,Fully Paid
283,38,Female,Married,23.0,87055.0,79842,14633.0,93254,6,3,Vacation,60,10.07,0,Fully Paid
284,22,Female,Single,,107697.0,19908,27304.0,44264,5,1,Home Improvement,12,11.62,0,Fully Paid
285,55,Female,Single,20.0,126239.0,55626,56546.0,42317,7,1,Education,60,10.4,1,Defaulted
286,36,Female,Divorced,14.0,143106.0,42228,17008.0,47914,2,3,Debt Consolidation,60,15.23,0,Fully Paid
287,61,Male,Single,21.0,25355.0,28386,58291.0,84633,2,0,Car Loan,48,13.8,1,Defaulted
288,56,Female,Married,19.0,74120.0,51754,37405.0,45254,4,1,Home Improvement,36,15.25,0,Fully Paid
289,53,Female,Single,27.0,58342.0,33302,46386.0,40096,4,0,Home Improvement,60,18.45,0,Fully Paid
290,24,Female,Divorced,13.0,22257.0,65815,30827.0,53785,6,0,Vacation,48,12.74,0,Fully Paid
291,53,Male,Married,,47364.0,68344,43040.0,52344,5,0,Home Improvement,24,10.03,0,Fully Paid
292,34,Female,Divorced,28.0,176044.0,40618,70354.0,82643,1,2,Debt Consolidation,60,8.32,1,Defaulted
293,41,Male,Married,8.0,131715.0,66114,88543.0,68546,7,1,Vacation,24,11.99,1,Defaulted
294,40,Female,Single,7.0,46654.0,75130,28157.0,71091,6,0,Home Improvement,60,19.84,0,Fully Paid
295,28,Male,Divorced,25.0,101423.0,30525,45315.0,65603,1,2,Car Loan,12,20.13,0,Fully Paid
296,27,Male,Divorced,,49320.0,19334,45932.0,28412,3,2,Debt Consolidation,48,18.34,0,Fully Paid
297,23,Female,Married,25.0,40808.0,67767,31164.0,51658,2,1,Car Loan,48,9.68,1,Defaulted
298,37,Female,Divorced,16.0,72389.0,11644,24414.0,99841,5,0,Car Loan,12,16.76,0,Fully Paid
299,53,Male,Married,1.0,138581.0,37933,24327.0,49549,6,3,Vacation,36,16.41,0,Fully Paid
300,32,Female,Married,24.0,147927.0,48469,10946.0,11549,2,0,Education,48,14.69,0,Fully Paid
301,42,Male,Married,23.0,54773.0,38687,24693.0,71216,5,1,Vacation,24,16.0,0,Fully Paid
302,42,Male,Married,29.0,178819.0,57656,37241.0,25739,5,1,Debt Consolidation,48,14.84,1,Defaulted
303,50,Male,Single,2.0,96396.0,22375,25540.0,21209,5,2,Debt Consolidation,36,16.31,0,Fully Paid
304,58,Male,Married,7.0,127692.0,70206,82255.0,87968,2,0,Vacation,24,19.31,0,Fully Paid
305,58,Male,Divorced,11.0,77505.0,41607,74757.0,15116,6,0,Education,24,7.19,0,Fully Paid
306,28,Female,Single,0.0,105896.0,28993,51203.0,20045,7,1,Vacation,12,19.99,0,Fully Paid
307,47,Male,Divorced,,38135.0,49386,35081.0,26327,4,3,Debt Consolidation,60,7.72,0,Fully Paid
308,47,Male,Single,19.0,110887.0,51287,71861.0,35709,2,0,Education,12,6.33,0,Fully Paid
309,54,Female,Married,2.0,142118.0,76196,21350.0,43617,5,0,Debt Consolidation,60,24.52,1,Defaulted
310,41,Male,Single,5.0,67377.0,75014,65512.0,60139,6,1,Education,12,24.14,0,Fully Paid
311,50,Female,Single,,174626.0,13210,66809.0,26905,7,4,Education,60,6.21,0,Fully Paid
312,53,Female,Divorced,19.0,82491.0,15922,52832.0,64148,3,1,Vacation,48,13.87,0,Fully Paid
313,48,Female,Divorced,22.0,78283.0,41289,38369.0,72603,1,0,Vacation,24,8.72,0,Fully Paid
314,53,Male,Married,24.0,36923.0,38340,41728.0,98095,5,1,Vacation,60,14.71,1,Defaulted
315,25,Male,Single,26.0,67591.0,44850,27576.0,42919,3,0,Education,48,21.6,0,Fully Paid
316,39,Male,Single,17.0,82261.0,61984,39001.0,83521,4,2,Education,36,24.01,0,Fully Paid
317,24,Female,Single,10.0,74336.0,16094,93384.0,92905,7,1,Debt Consolidation,12,17.69,0,Fully Paid
318,55,Male,Married,18.0,94083.0,38418,10390.0,83400,7,1,Car Loan,36,12.08,0,Fully Paid
319,37,Female,Married,4.0,80948.0,10741,,88150,5,2,Vacation,48,17.07,0,Fully Paid
320,64,Male,Married,18.0,184074.0,77374,55436.0,58446,7,1,Debt Consolidation,36,11.24,1,Defaulted
321,48,Female,Married,10.0,46672.0,73798,21569.0,52428,3,1,Debt Consolidation,36,23.2,0,Fully Paid
322,50,Male,Married,23.0,24213.0,75532,23029.0,47894,5,1,Home Improvement,48,22.41,0,Fully Paid
323,49,Male,Divorced,11.0,161365.0,27164,32490.0,81149,2,0,Vacation,24,16.16,0,Fully Paid
324,26,Male,Single,9.0,82507.0,40595,55875.0,6447,6,2,Debt Consolidation,60,11.5,0,Fully Paid
325,55,Female,Single,7.0,77134.0,35257,15867.0,5499,3,1,Home Improvement,12,10.87,0,Fully Paid
326,61,Female,Single,23.0,153172.0,19211,90820.0,39041,6,1,Vacation,60,5.67,1,Defaulted
327,57,Male,Single,27.0,48172.0,10232,,31315,2,0,Education,12,21.32,0,Fully Paid
328,44,Male,Single,27.0,40132.0,72753,11539.0,1299,2,2,Home Improvement,60,14.01,0,Fully Paid
329,49,Female,Single,8.0,38199.0,57691,27027.0,4994,6,0,Education,36,11.5,0,Fully Paid
330,51,Female,Single,3.0,56609.0,30613,84229.0,95414,3,2,Car Loan,24,14.42,1,Defaulted
331,55,Female,Single,4.0,194037.0,19026,18921.0,81163,6,2,Car Loan,36,21.37,0,Fully Paid
332,53,Male,Divorced,20.0,159088.0,58535,60435.0,7489,6,2,Car Loan,24,7.49,1,Defaulted
333,41,Female,Single,7.0,190851.0,35908,20310.0,91647,1,0,Car Loan,48,22.15,0,Fully Paid
334,52,Male,Divorced,22.0,51881.0,57113,73965.0,32355,3,2,Debt Consolidation,12,22.95,1,Defaulted
335,43,Female,Married,8.0,44472.0,24610,79922.0,73805,1,1,Car Loan,12,23.93,0,Fully Paid
336,53,Male,Single,14.0,187093.0,51646,,68367,5,1,Debt Consolidation,48,12.95,0,Fully Paid
337,23,Female,Married,14.0,74131.0,68185,22242.0,77355,7,1,Debt Consolidation,60,9.34,0,Fully Paid
338,38,Female,Married,15.0,175159.0,77567,18947.0,90349,6,2,Vacation,48,12.47,0,Fully Paid
339,45,Female,Married,13.0,32828.0,52574,81466.0,87173,5,0,Debt Consolidation,48,11.66,0,Fully Paid
340,62,Female,Divorced,7.0,116664.0,41182,71816.0,1996,3,0,Debt Consolidation,24,8.52,0,Fully Paid
341,51,Female,Married,17.0,152473.0,5570,58785.0,44387,6,1,Car Loan,48,17.15,0,Fully Paid
342,23,Male,Married,9.0,35193.0,24288,10507.0,3089,7,0,Debt Consolidation,12,14.53,0,Fully Paid
343,60,Female,Married,27.0,,34877,76972.0,98827,5,1,Education,36,22.31,1,Defaulted
344,44,Female,Single,19.0,171379.0,5917,37151.0,20659,4,0,Car Loan,24,5.64,0,Fully Paid
345,52,Female,Single,5.0,122518.0,69575,21618.0,45178,2,0,Home Improvement,24,17.88,1,Defaulted
346,42,Male,Divorced,11.0,39611.0,77518,84286.0,95965,6,0,Car Loan,60,20.26,0,Fully Paid
347,43,Female,Divorced,,194863.0,44104,26122.0,81268,7,0,Debt Consolidation,36,20.19,0,Fully Paid
348,22,Male,Single,6.0,163022.0,23062,17354.0,85042,2,1,Education,24,22.72,0,Fully Paid
349,47,Female,Divorced,15.0,96240.0,21999,40979.0,70726,1,1,Car Loan,48,19.58,0,Fully Paid
350,62,Female,Single,2.0,22745.0,66845,96436.0,70111,5,0,Education,24,23.56,1,Defaulted
351,22,Male,Married,12.0,75243.0,14941,89376.0,34565,1,0,Home Improvement,24,11.65,0,Fully Paid
352,46,Female,Married,2.0,23866.0,66169,62774.0,89242,7,0,Home Improvement,24,15.06,1,Defaulted
353,37,Male,Divorced,26.0,183317.0,28470,15037.0,22884,6,1,Vacation,60,5.28,1,Defaulted
354,60,Male,Single,17.0,195796.0,64821,38633.0,17199,2,0,Vacation,24,5.14,0,Fully Paid
355,53,Female,Single,10.0,148681.0,49435,34495.0,60038,2,0,Car Loan,24,9.8,1,Defaulted
356,29,Male,Divorced,7.0,91354.0,9529,74550.0,57786,5,0,Vacation,60,7.02,0,Fully Paid
357,63,Female,Single,5.0,71374.0,17192,91384.0,49294,6,0,Education,36,10.2,1,Defaulted
358,59,Female,Married,0.0,134397.0,79102,,78015,4,1,Vacation,12,8.54,0,Fully Paid
359,49,Male,Divorced,27.0,144577.0,77762,83373.0,34178,4,1,Education,60,5.57,0,Fully Paid
360,62,Male,Divorced,0.0,181188.0,39087,44069.0,12665,5,3,Vacation,60,23.19,1,Defaulted
361,46,Male,Single,22.0,101029.0,71677,17370.0,534,6,2,Vacation,24,5.16,0,Fully Paid
362,55,Male,Divorced,7.0,113574.0,9627,81947.0,91828,5,2,Vacation,24,19.72,0,Fully Paid
363,45,Female,Single,4.0,171519.0,61541,49133.0,36132,6,0,Debt Consolidation,12,8.04,0,Fully Paid
364,44,Female,Single,,50431.0,73226,10692.0,36110,7,0,Debt Consolidation,24,23.24,0,Fully Paid
365,33,Male,Single,15.0,168980.0,8255,38926.0,58754,7,1,Vacation,48,22.86,0,Fully Paid
366,27,Female,Single,10.0,49336.0,62433,83984.0,63580,1,2,Education,24,18.08,1,Defaulted
367,56,Female,Single,4.0,60992.0,10213,53390.0,22469,5,2,Car Loan,24,18.44,0,Fully Paid
368,40,Female,Divorced,3.0,75350.0,24404,59593.0,64016,6,3,Home Improvement,48,5.11,0,Fully Paid
369,21,Female,Married,29.0,89561.0,30380,85609.0,46233,4,2,Debt Consolidation,12,24.7,0,Fully Paid
370,28,Male,Married,5.0,,24173,15209.0,66708,6,3,Vacation,48,22.56,0,Fully Paid
371,36,Male,Divorced,13.0,81240.0,58027,,58232,7,1,Home Improvement,60,22.9,0,Fully Paid
372,34,Female,Divorced,21.0,171165.0,28989,96597.0,93450,6,0,Debt Consolidation,48,18.18,0,Fully Paid
373,32,Male,Married,18.0,157227.0,29519,17211.0,86437,5,1,Car Loan,36,11.9,1,Defaulted
374,43,Male,Married,8.0,66607.0,27439,19927.0,34409,1,0,Education,60,22.87,0,Fully Paid
375,35,Male,Married,11.0,,19995,87463.0,19324,1,2,Vacation,24,10.83,0,Fully Paid
376,48,Female,Married,10.0,172035.0,28559,,8738,1,1,Car Loan,60,16.25,1,Defaulted
377,54,Female,Married,13.0,72870.0,10021,84852.0,24054,1,0,Debt Consolidation,12,6.99,0,Fully Paid
378,22,Female,Single,22.0,84110.0,26119,,29709,7,2,Vacation,12,23.44,0,Fully Paid
379,52,Male,Divorced,15.0,172008.0,56539,86382.0,85643,3,1,Home Improvement,48,7.82,0,Fully Paid
380,43,Female,Single,0.0,136895.0,44350,17933.0,363,5,0,Education,60,9.5,1,Defaulted
381,42,Female,Married,12.0,24426.0,51223,50696.0,10358,2,0,Debt Consolidation,24,16.16,0,Fully Paid
382,45,Male,Married,22.0,47606.0,30517,75449.0,3240,5,2,Education,12,20.28,0,Fully Paid
383,42,Female,Married,20.0,198904.0,27250,77616.0,72201,3,2,Vacation,24,17.39,0,Fully Paid
384,42,Female,Single,20.0,,71798,16089.0,45689,1,0,Car Loan,36,9.64,0,Fully Paid
385,62,Male,Single,29.0,31308.0,59199,66548.0,1936,3,0,Education,12,5.02,0,Fully Paid
386,26,Male,Married,12.0,196743.0,64546,36123.0,91074,4,1,Home Improvement,48,20.14,0,Fully Paid
387,35,Male,Single,1.0,110306.0,8327,17797.0,43965,4,1,Debt Consolidation,36,24.7,0,Fully Paid
388,63,Female,Single,3.0,126984.0,34768,60013.0,77534,7,1,Home Improvement,60,21.2,0,Fully Paid
389,57,Female,Married,27.0,22204.0,69418,18346.0,882,5,1,Education,24,14.2,0,Fully Paid
390,53,Female,Single,5.0,112769.0,47788,95414.0,20224,5,3,Car Loan,12,23.08,0,Fully Paid
391,28,Male,Divorced,,107265.0,51830,43672.0,30825,2,0,Car Loan,36,13.2,1,Defaulted
392,64,Male,Divorced,26.0,51131.0,57446,27653.0,70740,7,0,Home Improvement,36,15.5,1,Defaulted
393,64,Female,Divorced,22.0,72428.0,20160,59556.0,28885,2,0,Vacation,12,14.54,0,Fully Paid
394,25,Female,Divorced,26.0,53870.0,61583,36140.0,40056,4,1,Vacation,60,13.95,0,Fully Paid
395,59,Male,Married,4.0,123547.0,38998,11184.0,3203,1,0,Car Loan,60,20.5,1,Defaulted
396,24,Male,Married,24.0,69067.0,32230,44493.0,60241,3,1,Home Improvement,48,15.54,0,Fully Paid
397,26,Male,Married,2.0,132217.0,14076,54148.0,2244,2,0,Home Improvement,60,11.33,0,Fully Paid
398,52,Male,Divorced,0.0,172679.0,74341,34846.0,98322,6,0,Home Improvement,48,10.16,0,Fully Paid
399,50,Female,Divorced,3.0,176040.0,36085,32195.0,68619,2,1,Education,36,5.75,0,Fully Paid
400,55,Male,Single,24.0,118934.0,60571,15606.0,21584,1,0,Vacation,12,16.66,1,Defaulted
401,60,Female,Single,19.0,162980.0,19715,13956.0,8521,1,2,Vacation,60,9.6,1,Defaulted
402,36,Female,Divorced,1.0,177495.0,10750,26555.0,50017,5,3,Education,48,7.96,0,Fully Paid
403,33,Female,Divorced,25.0,94707.0,40903,,33541,3,0,Debt Consolidation,36,18.08,0,Fully Paid
404,62,Male,Divorced,29.0,81215.0,77489,68502.0,29063,1,0,Education,60,18.62,0,Fully Paid
405,50,Male,Divorced,29.0,69429.0,37093,58849.0,70268,7,2,Home Improvement,24,20.04,0,Fully Paid
406,39,Male,Single,4.0,102152.0,39314,36347.0,64952,2,0,Education,36,15.07,0,Fully Paid
407,37,Male,Divorced,2.0,128048.0,53225,59056.0,93054,2,2,Home Improvement,60,22.88,0,Fully Paid
408,39,Female,Single,28.0,189530.0,40179,73851.0,39563,4,4,Car Loan,36,23.73,0,Fully Paid
409,48,Male,Divorced,27.0,197241.0,30338,,39752,1,0,Home Improvement,12,21.15,1,Defaulted
410,46,Male,Divorced,28.0,158731.0,74681,91418.0,95233,6,0,Vacation,12,17.71,0,Fully Paid
411,57,Female,Divorced,8.0,97240.0,37101,80211.0,2567,5,1,Education,12,11.07,0,Fully Paid
412,46,Male,Single,19.0,183865.0,7775,51850.0,16121,3,1,Home Improvement,24,24.66,0,Fully Paid
413,43,Female,Single,5.0,133688.0,50619,88545.0,1674,6,1,Debt Consolidation,12,10.48,0,Fully Paid
414,29,Female,Married,,,50838,37843.0,76411,5,0,Car Loan,24,9.05,0,Fully Paid
415,32,Female,Divorced,5.0,116762.0,24539,72320.0,66275,2,1,Debt Consolidation,12,13.84,0,Fully Paid
416,21,Female,Married,18.0,126956.0,62124,39793.0,67081,6,1,Debt Consolidation,36,6.14,0,Fully Paid
417,21,Female,Married,27.0,,70149,49516.0,29140,5,1,Debt Consolidation,60,24.57,1,Defaulted
418,54,Female,Single,,146311.0,31616,27857.0,9327,2,1,Car Loan,60,16.77,1,Defaulted
419,52,Female,Single,24.0,27006.0,59567,29627.0,70663,2,2,Car Loan,12,16.14,0,Fully Paid
420,45,Female,Married,10.0,94218.0,42099,71822.0,23331,2,0,Car Loan,60,18.12,0,Fully Paid
421,60,Male,Divorced,1.0,184912.0,66799,94101.0,23004,2,1,Car Loan,12,14.94,0,Fully Paid
422,21,Male,Single,14.0,52430.0,30479,62248.0,10492,7,1,Debt Consolidation,12,5.64,0,Fully Paid
423,36,Male,Divorced,11.0,43091.0,51172,65798.0,54797,2,2,Vacation,48,17.25,0,Fully Paid
424,59,Male,Divorced,11.0,184055.0,60863,54116.0,58095,4,2,Vacation,48,19.32,1,Defaulted
425,25,Female,Married,8.0,43989.0,47043,85318.0,13749,6,3,Car Loan,48,13.33,0,Fully Paid
426,42,Male,Married,20.0,95451.0,20408,97902.0,63217,5,1,Education,24,20.15,0,Fully Paid
427,49,Female,Married,23.0,38990.0,62980,38557.0,89044,4,2,Home Improvement,48,9.54,0,Fully Paid
428,23,Male,Married,1.0,110270.0,21351,81334.0,9045,7,0,Education,12,9.43,1,Defaulted
429,32,Male,Single,21.0,100360.0,9131,85163.0,20116,4,1,Education,36,8.23,0,Fully Paid
430,46,Male,Single,2.0,56081.0,49825,,18667,1,0,Education,48,12.44,0,Fully Paid
431,36,Female,Married,11.0,162105.0,16349,52614.0,75057,1,0,Vacation,48,21.94,0,Fully Paid
432,57,Male,Single,27.0,128272.0,65931,22720.0,74205,1,0,Home Improvement,36,21.56,0,Fully Paid
433,42,Female,Married,29.0,36241.0,49254,,27302,3,1,Education,12,12.66,0,Fully Paid
434,49,Female,Divorced,25.0,,43225,82095.0,11283,1,0,Car Loan,24,16.78,0,Fully Paid
435,34,Male,Divorced,15.0,25939.0,17453,94694.0,30935,5,0,Vacation,48,19.42,1,Defaulted
436,48,Male,Divorced,20.0,133000.0,23814,97593.0,72534,4,0,Car Loan,36,9.82,0,Fully Paid
437,25,Male,Married,27.0,198634.0,23263,45892.0,94342,5,1,Car Loan,12,8.36,1,Defaulted
438,50,Female,Divorced,23.0,55063.0,20735,87242.0,31624,6,1,Education,60,24.44,0,Fully Paid
439,25,Male,Single,25.0,,20830,87606.0,13440,1,0,Car Loan,24,17.35,1,Defaulted
440,32,Female,Divorced,29.0,195841.0,52893,10924.0,46501,7,0,Home Improvement,36,24.63,0,Fully Paid
441,36,Female,Divorced,0.0,67118.0,49673,61322.0,87333,3,0,Car Loan,36,11.76,0,Fully Paid
442,46,Male,Divorced,20.0,104703.0,50066,36478.0,1269,6,2,Education,36,19.06,0,Fully Paid
443,46,Male,Single,2.0,172697.0,8373,81042.0,7868,7,1,Car Loan,48,9.45,0,Fully Paid
444,41,Female,Married,19.0,148557.0,15335,56418.0,30251,3,2,Vacation,60,10.22,0,Fully Paid
445,59,Female,Single,1.0,47076.0,28741,72217.0,77909,6,1,Vacation,24,15.24,0,Fully Paid
446,56,Female,Married,8.0,64605.0,15692,90846.0,84523,4,2,Vacation,12,11.39,0,Fully Paid
447,53,Male,Married,18.0,104565.0,52295,83762.0,38729,5,0,Debt Consolidation,12,8.35,0,Fully Paid
448,50,Female,Divorced,14.0,59121.0,50541,21781.0,15734,2,0,Vacation,60,10.26,0,Fully Paid
449,57,Male,Married,17.0,51433.0,39057,15515.0,42429,5,2,Vacation,36,5.71,0,Fully Paid
450,43,Female,Single,25.0,63309.0,71983,46133.0,41337,1,2,Debt Consolidation,36,19.09,0,Fully Paid
451,30,Female,Single,10.0,87468.0,24583,92508.0,40325,7,2,Vacation,36,14.84,0,Fully Paid
452,25,Male,Married,24.0,195326.0,27765,86946.0,83600,2,0,Education,36,6.88,0,Fully Paid
453,56,Female,Divorced,22.0,87293.0,64287,95058.0,62514,3,1,Vacation,36,8.43,1,Defaulted
454,54,Male,Divorced,15.0,116258.0,28906,19095.0,8433,4,1,Vacation,60,7.05,1,Defaulted
455,51,Male,Single,21.0,188925.0,51525,98583.0,9111,4,0,Debt Consolidation,48,17.25,0,Fully Paid
456,30,Female,Divorced,16.0,58405.0,43230,30470.0,63753,3,2,Education,24,6.88,0,Fully Paid
457,39,Male,Married,4.0,63527.0,24520,53129.0,80583,1,2,Car Loan,36,20.09,0,Fully Paid
458,52,Male,Married,11.0,,56934,18531.0,73620,3,0,Home Improvement,48,5.41,0,Fully Paid
459,21,Female,Single,10.0,151564.0,30566,47038.0,21751,6,2,Education,12,9.99,0,Fully Paid
460,25,Male,Married,29.0,159883.0,78193,97939.0,16453,7,3,Car Loan,60,22.81,0,Fully Paid
461,24,Male,Single,14.0,,35134,52674.0,85844,7,1,Education,48,19.37,0,Fully Paid
462,36,Male,Married,26.0,175344.0,15345,92476.0,38968,1,3,Car Loan,36,6.46,0,Fully Paid
463,44,Female,Single,2.0,67153.0,46185,39831.0,30077,2,0,Car Loan,36,21.42,0,Fully Paid
464,36,Male,Divorced,0.0,128042.0,75744,67174.0,34775,3,0,Education,36,14.86,1,Defaulted
465,22,Female,Married,19.0,,38455,21279.0,58144,1,1,Debt Consolidation,48,21.94,0,Fully Paid
466,48,Female,Married,28.0,165051.0,33018,48220.0,48570,7,1,Education,36,17.01,0,Fully Paid
467,52,Male,Single,15.0,48328.0,59219,70610.0,46097,2,1,Education,48,18.64,1,Defaulted
468,47,Male,Single,1.0,132911.0,50991,,24503,3,1,Car Loan,36,24.87,0,Fully Paid
469,40,Male,Married,1.0,32867.0,78616,63051.0,2779,4,0,Home Improvement,12,9.65,0,Fully Paid
470,44,Female,Single,2.0,79234.0,14486,82013.0,86840,3,0,Car Loan,12,17.48,0,Fully Paid
471,32,Male,Married,7.0,45851.0,43862,66652.0,755,5,0,Vacation,24,14.21,0,Fully Paid
472,55,Male,Divorced,23.0,51279.0,63870,75524.0,39263,3,1,Education,36,5.79,0,Fully Paid
473,53,Male,Single,27.0,93402.0,48856,92936.0,55087,5,3,Education,36,5.29,0,Fully Paid
474,53,Male,Married,14.0,35449.0,36379,16470.0,42281,2,1,Debt Consolidation,48,7.38,0,Fully Paid
475,63,Male,Divorced,6.0,96221.0,69729,77598.0,51482,3,2,Car Loan,48,17.98,1,Defaulted
476,57,Female,Divorced,5.0,109080.0,33378,51798.0,54857,2,1,Debt Consolidation,36,16.34,0,Fully Paid
477,32,Female,Married,8.0,,59353,63473.0,17400,2,1,Education,24,16.07,1,Defaulted
478,23,Male,Single,19.0,107178.0,54996,29880.0,40115,7,0,Car Loan,36,5.64,0,Fully Paid
479,21,Male,Married,27.0,192388.0,19031,54439.0,14249,1,3,Car Loan,48,14.39,1,Defaulted
480,53,Male,Divorced,0.0,83761.0,70982,24308.0,46825,2,3,Vacation,36,23.49,0,Fully Paid
481,60,Male,Married,7.0,58870.0,41683,45081.0,24600,2,0,Vacation,48,12.95,0,Fully Paid
482,30,Female,Single,22.0,116566.0,22618,85242.0,37706,7,0,Home Improvement,36,17.5,0,Fully Paid
483,63,Male,Divorced,22.0,143749.0,11587,60383.0,19222,7,2,Vacation,60,20.6,0,Fully Paid
484,64,Female,Married,2.0,143765.0,67790,19837.0,99041,3,0,Car Loan,48,20.68,0,Fully Paid
485,49,Female,Single,,144881.0,36480,62151.0,41139,7,0,Vacation,24,15.39,0,Fully Paid
486,33,Male,Divorced,25.0,181945.0,25527,,41302,3,1,Home Improvement,60,22.16,1,Defaulted
487,32,Female,Single,24.0,148389.0,28569,43073.0,94684,4,0,Education,36,12.83,1,Defaulted
488,51,Female,Divorced,14.0,45372.0,16151,36299.0,87838,7,1,Vacation,48,22.77,0,Fully Paid
489,22,Female,Married,5.0,23642.0,76094,68861.0,68159,1,1,Car Loan,60,9.8,0,Fully Paid
490,55,Female,Single,14.0,179073.0,64174,40063.0,8646,2,0,Education,24,10.6,0,Fully Paid
491,43,Male,Divorced,20.0,54064.0,49739,79453.0,13543,1,2,Car Loan,48,6.06,0,Fully Paid
492,37,Male,Single,2.0,34122.0,37954,78472.0,94496,5,1,Education,60,20.91,1,Defaulted
493,46,Female,Single,24.0,,40303,24506.0,22785,7,2,Car Loan,60,13.34,0,Fully Paid
494,28,Male,Married,20.0,88431.0,39700,89854.0,78353,2,1,Vacation,60,9.58,1,Defaulted
495,49,Male,Single,20.0,75745.0,72568,36026.0,31406,1,1,Vacation,12,9.64,0,Fully Paid
496,46,Male,Divorced,13.0,70081.0,71788,37672.0,88992,7,1,Home Improvement,36,23.03,0,Fully Paid
497,30,Male,Divorced,19.0,159783.0,76045,48417.0,51428,7,1,Education,48,21.68,0,Fully Paid
498,46,Male,Divorced,13.0,169865.0,42842,62413.0,23777,4,1,Home Improvement,48,16.07,0,Fully Paid
499,54,Female,Divorced,3.0,159271.0,18900,75066.0,57939,4,1,Debt Consolidation,48,17.32,0,Fully Paid
500,61,Male,Married,11.0,96253.0,6881,69213.0,53026,2,1,Vacation,60,14.49,1,Defaulted
501,27,Male,Single,16.0,56191.0,38037,60971.0,86450,5,1,Education,36,12.83,0,Fully Paid
502,24,Male,Married,6.0,30211.0,6630,37281.0,29553,4,1,Home Improvement,24,23.31,0,Fully Paid
503,31,Male,Single,8.0,131086.0,25789,38091.0,23548,4,0,Home Improvement,48,7.51,0,Fully Paid
504,49,Female,Single,2.0,172614.0,51151,60494.0,63221,5,0,Debt Consolidation,36,13.37,0,Fully Paid
505,56,Female,Single,,182384.0,53920,28610.0,37265,1,2,Home Improvement,36,11.89,0,Fully Paid
506,45,Female,Married,,196314.0,72231,11079.0,40701,4,0,Car Loan,12,14.96,0,Fully Paid
507,41,Female,Single,14.0,121971.0,8262,56751.0,51287,3,1,Vacation,48,14.15,0,Fully Paid
508,56,Male,Married,17.0,113783.0,71981,,6727,6,1,Home Improvement,60,15.38,1,Defaulted
509,30,Female,Divorced,18.0,145681.0,59722,65432.0,50717,6,1,Home Improvement,36,7.8,0,Fully Paid
510,57,Male,Divorced,0.0,107893.0,55818,40951.0,32427,4,2,Debt Consolidation,36,15.26,1,Defaulted
511,29,Male,Single,5.0,178763.0,34932,90863.0,16692,1,0,Car Loan,24,9.85,0,Fully Paid
512,44,Male,Married,26.0,97960.0,11901,88291.0,31625,7,2,Home Improvement,12,8.69,1,Defaulted
513,55,Male,Divorced,26.0,104388.0,13597,69872.0,24918,1,0,Vacation,36,6.3,0,Fully Paid
514,55,Male,Married,22.0,42601.0,68909,17235.0,41136,2,1,Vacation,36,20.25,0,Fully Paid
515,56,Female,Married,26.0,169092.0,77391,92733.0,52409,3,1,Home Improvement,60,13.55,1,Defaulted
516,38,Female,Single,26.0,159227.0,13263,72712.0,15577,1,3,Car Loan,60,17.53,0,Fully Paid
517,59,Female,Divorced,1.0,187849.0,68293,31473.0,85155,5,1,Vacation,24,19.55,0,Fully Paid
518,52,Female,Single,23.0,39710.0,30805,77567.0,99246,3,1,Vacation,24,18.59,0,Fully Paid
519,44,Male,Single,13.0,128714.0,16874,89823.0,81731,6,0,Car Loan,24,14.41,1,Defaulted
520,43,Female,Divorced,5.0,175604.0,19079,42230.0,27689,3,1,Car Loan,60,12.76,0,Fully Paid
521,52,Male,Divorced,13.0,148727.0,54850,94573.0,11154,5,3,Home Improvement,60,12.52,0,Fully Paid
522,57,Female,Married,3.0,169673.0,77779,78876.0,94948,4,2,Education,12,17.8,0,Fully Paid
523,32,Male,Divorced,20.0,83227.0,14018,50644.0,21341,5,1,Debt Consolidation,48,14.9,1,Defaulted
524,33,Male,Married,7.0,156039.0,54500,58664.0,97554,5,2,Education,48,21.98,0,Fully Paid
525,43,Female,Married,29.0,104289.0,17100,55203.0,74681,4,1,Education,12,22.49,0,Fully Paid
526,45,Male,Married,2.0,171094.0,62021,76677.0,46330,4,1,Vacation,48,8.41,0,Fully Paid
527,55,Male,Divorced,18.0,,24800,35425.0,87759,4,0,Car Loan,60,7.72,0,Fully Paid
528,61,Female,Single,29.0,25722.0,68400,94817.0,68416,4,1,Vacation,48,17.61,0,Fully Paid
529,50,Male,Married,,178485.0,34437,95961.0,86807,4,1,Debt Consolidation,60,11.02,0,Fully Paid
530,37,Female,Single,,101050.0,51675,79806.0,33313,5,1,Home Improvement,12,5.37,0,Fully Paid
531,40,Female,Single,19.0,103596.0,24942,52814.0,46900,2,2,Debt Consolidation,24,22.77,0,Fully Paid
532,45,Female,Divorced,16.0,86732.0,25862,80219.0,78840,2,0,Vacation,12,9.54,0,Fully Paid
533,42,Male,Single,24.0,163369.0,16669,59646.0,34695,1,1,Vacation,48,23.59,0,Fully Paid
534,33,Male,Single,7.0,88323.0,58772,49884.0,30225,2,1,Vacation,60,19.35,1,Defaulted
535,39,Male,Divorced,,43816.0,20916,,86072,6,3,Vacation,48,20.25,0,Fully Paid
536,56,Female,Married,13.0,60695.0,15878,31650.0,96367,2,0,Education,48,9.03,0,Fully Paid
537,32,Male,Single,25.0,170774.0,7985,19190.0,49156,5,1,Home Improvement,24,9.68,1,Defaulted
538,61,Female,Divorced,5.0,176314.0,78648,48196.0,77209,4,0,Education,48,15.43,0,Fully Paid
539,39,Female,Single,22.0,75841.0,46235,49449.0,87453,4,0,Vacation,24,8.44,0,Fully Paid
540,32,Male,Single,21.0,,23931,49661.0,27829,7,1,Car Loan,60,11.11,0,Fully Paid
541,29,Female,Married,15.0,127096.0,5336,39709.0,80908,7,0,Education,60,11.43,0,Fully Paid
542,27,Male,Single,24.0,112764.0,47933,90428.0,25938,7,0,Vacation,24,8.19,1,Defaulted
543,48,Male,Divorced,18.0,105744.0,50536,85179.0,59164,5,2,Vacation,12,9.1,1,Defaulted
544,34,Male,Single,13.0,48482.0,74504,19943.0,54530,6,1,Home Improvement,60,20.77,0,Fully Paid
545,51,Male,Married,18.0,29171.0,56148,53240.0,68199,2,0,Debt Consolidation,12,8.34,0,Fully Paid
546,39,Male,Married,2.0,120755.0,21279,55760.0,60282,5,0,Education,60,5.57,0,Fully Paid
547,36,Female,Divorced,9.0,,73665,31042.0,47801,1,2,Education,60,17.59,0,Fully Paid
548,25,Female,Married,18.0,150722.0,76386,53894.0,9465,4,1,Education,36,24.52,0,Fully Paid
549,55,Female,Single,8.0,126082.0,79055,16869.0,3326,7,2,Vacation,48,11.62,0,Fully Paid
550,32,Male,Married,27.0,23696.0,71670,71078.0,3659,3,0,Home Improvement,48,7.37,0,Fully Paid
551,45,Male,Divorced,19.0,,59028,66759.0,60289,1,1,Vacation,12,16.41,0,Fully Paid
552,41,Male,Married,12.0,171130.0,76128,54306.0,27594,7,3,Vacation,48,23.13,1,Defaulted
553,56,Female,Married,6.0,171385.0,23108,65371.0,4763,6,0,Car Loan,12,20.68,0,Fully Paid
554,43,Male,Married,13.0,39149.0,57495,30918.0,88657,1,1,Home Improvement,60,17.45,0,Fully Paid
555,36,Female,Divorced,8.0,150064.0,61830,,10828,5,1,Education,36,11.3,0,Fully Paid
556,59,Female,Married,26.0,73521.0,79640,93232.0,47588,2,0,Debt Consolidation,36,15.84,0,Fully Paid
557,62,Male,Married,27.0,65740.0,57509,,11221,4,0,Education,60,6.82,0,Fully Paid
558,59,Male,Single,22.0,126611.0,71406,23851.0,11211,6,1,Vacation,24,18.58,0,Fully Paid
559,34,Female,Divorced,24.0,156028.0,44519,55747.0,13569,6,2,Home Improvement,24,19.5,0,Fully Paid
560,51,Male,Married,,86641.0,54649,62349.0,96894,3,1,Home Improvement,48,24.3,0,Fully Paid
561,25,Female,Divorced,18.0,83811.0,39524,80832.0,37860,1,1,Home Improvement,12,10.21,1,Defaulted
562,55,Male,Married,14.0,83232.0,38885,66356.0,71558,3,1,Car Loan,36,5.37,0,Fully Paid
563,43,Male,Married,19.0,35417.0,49369,24745.0,45337,2,3,Education,48,15.91,0,Fully Paid
564,49,Female,Married,13.0,175801.0,35676,,52311,7,1,Car Loan,60,19.14,0,Fully Paid
565,63,Male,Single,23.0,132492.0,69093,23921.0,13515,2,1,Debt Consolidation,36,20.81,1,Defaulted
566,31,Female,Single,5.0,50099.0,52764,,71695,7,4,Vacation,12,8.87,0,Fully Paid
567,38,Male,Single,20.0,181033.0,55799,93111.0,87227,3,1,Car Loan,12,10.24,0,Fully Paid
568,32,Female,Divorced,28.0,163674.0,77307,29023.0,24904,4,2,Car Loan,24,15.25,0,Fully Paid
569,29,Female,Divorced,3.0,138474.0,36923,55349.0,59935,2,1,Vacation,48,11.61,0,Fully Paid
570,30,Male,Single,,29256.0,52574,91533.0,43790,3,0,Home Improvement,60,22.21,0,Fully Paid
571,64,Female,Divorced,16.0,54681.0,48391,93286.0,68580,1,1,Vacation,36,14.48,0,Fully Paid
572,37,Male,Married,29.0,111328.0,58664,51979.0,75148,3,0,Education,12,20.99,0,Fully Paid
573,58,Male,Married,8.0,63361.0,72384,32837.0,5636,3,2,Vacation,36,16.61,0,Fully Paid
574,27,Male,Married,0.0,54540.0,36027,24997.0,77129,5,0,Home Improvement,60,20.46,0,Fully Paid
575,33,Female,Single,23.0,177608.0,40464,98603.0,2892,2,1,Vacation,36,11.65,1,Defaulted
576,60,Female,Divorced,19.0,104700.0,39485,55039.0,21672,4,1,Car Loan,48,21.63,0,Fully Paid
577,62,Male,Single,24.0,98532.0,24456,30923.0,5812,4,2,Debt Consolidation,24,10.49,0,Fully Paid
578,29,Male,Divorced,13.0,147626.0,79795,18876.0,96621,5,2,Car Loan,36,15.92,0,Fully Paid
579,47,Female,Married,10.0,153943.0,40554,70973.0,654,7,1,Debt Consolidation,24,9.28,1,Defaulted
580,22,Male,Single,20.0,,51922,12887.0,54633,6,2,Vacation,60,14.51,0,Fully Paid
581,25,Male,Divorced,2.0,69812.0,18409,73723.0,17143,7,1,Education,24,11.36,0,Fully Paid
582,49,Female,Divorced,8.0,173698.0,74327,52422.0,55934,4,0,Vacation,36,10.33,0,Fully Paid
583,57,Male,Married,26.0,128946.0,41639,61413.0,67334,3,2,Home Improvement,36,24.34,0,Fully Paid
584,58,Female,Single,13.0,86668.0,68627,,29087,5,1,Vacation,12,8.2,0,Fully Paid
585,39,Male,Single,29.0,119003.0,24692,38756.0,11618,1,1,Debt Consolidation,36,20.75,0,Fully Paid
586,28,Female,Single,8.0,62998.0,59200,81576.0,8446,2,0,Car Loan,24,24.68,0,Fully Paid
587,21,Male,Married,3.0,124601.0,62415,20304.0,87182,2,1,Education,12,5.4,1,Defaulted
588,42,Male,Single,26.0,196679.0,23074,40341.0,48867,2,1,Vacation,36,18.98,0,Fully Paid
589,37,Female,Married,3.0,27812.0,20549,14758.0,51028,3,0,Vacation,36,10.06,0,Fully Paid
590,27,Male,Married,27.0,81844.0,34963,27010.0,60101,1,0,Car Loan,60,5.81,1,Defaulted
591,45,Female,Married,7.0,153251.0,57265,70758.0,27200,5,1,Education,12,13.06,1,Defaulted
592,24,Male,Divorced,1.0,194870.0,21061,41658.0,95107,5,4,Vacation,60,23.7,0,Fully Paid
593,56,Female,Single,8.0,94601.0,63226,59002.0,88074,2,0,Vacation,60,5.24,1,Defaulted
594,26,Female,Single,28.0,159347.0,33810,11375.0,61465,1,1,Debt Consolidation,60,16.76,0,Fully Paid
595,51,Female,Married,13.0,,65006,32092.0,86436,1,3,Debt Consolidation,48,15.03,0,Fully Paid
596,39,Female,Married,21.0,145555.0,27800,10490.0,87892,1,1,Home Improvement,60,22.47,1,Defaulted
597,64,Male,Single,8.0,40700.0,74460,13729.0,88559,4,1,Car Loan,24,6.68,0,Fully Paid
598,59,Male,Married,23.0,190536.0,62767,15974.0,39148,4,1,Education,36,18.63,0,Fully Paid
599,47,Female,Single,22.0,193423.0,33054,95216.0,82928,2,3,Vacation,48,18.6,0,Fully Paid
600,30,Female,Divorced,15.0,113330.0,50397,93860.0,20698,1,2,Vacation,60,18.38,0,Fully Paid
601,46,Female,Married,28.0,164941.0,18233,31398.0,42470,6,0,Home Improvement,36,23.85,0,Fully Paid
602,39,Male,Single,29.0,172026.0,30068,44650.0,92071,1,0,Vacation,12,21.46,0,Fully Paid
603,59,Male,Married,16.0,182627.0,70727,31292.0,51660,5,0,Car Loan,12,5.84,1,Defaulted
604,23,Male,Single,15.0,83353.0,75453,13159.0,53910,5,2,Home Improvement,36,14.42,0,Fully Paid
605,33,Male,Single,29.0,196098.0,30832,72766.0,35450,2,2,Car Loan,24,12.96,0,Fully Paid
606,48,Female,Married,11.0,120772.0,18682,27065.0,56463,6,2,Home Improvement,36,11.2,1,Defaulted
607,40,Female,Divorced,2.0,198048.0,28383,31638.0,33757,1,0,Vacation,36,14.03,0,Fully Paid
608,48,Female,Single,10.0,111502.0,63160,11073.0,78012,7,1,Home Improvement,48,12.68,0,Fully Paid
609,28,Male,Single,13.0,133943.0,28666,56511.0,70247,6,1,Debt Consolidation,12,13.65,0,Fully Paid
610,61,Male,Single,17.0,129850.0,63817,94307.0,72015,2,1,Education,12,24.59,0,Fully Paid
611,59,Male,Divorced,20.0,65095.0,39642,39320.0,31390,5,0,Vacation,60,6.77,0,Fully Paid
612,21,Female,Divorced,20.0,,46830,79876.0,56116,7,1,Education,36,23.44,0,Fully Paid
613,23,Female,Married,4.0,181980.0,15234,44924.0,13161,5,3,Vacation,36,14.6,0,Fully Paid
614,33,Male,Divorced,15.0,35523.0,62616,91720.0,32152,4,2,Education,24,17.47,0,Fully Paid
615,48,Female,Married,19.0,82433.0,14221,50734.0,80171,2,0,Debt Consolidation,12,21.6,0,Fully Paid
616,45,Male,Married,4.0,198140.0,16410,78116.0,95833,2,1,Education,24,12.21,1,Defaulted
617,53,Male,Divorced,,39991.0,66413,50025.0,20836,1,0,Home Improvement,48,13.61,0,Fully Paid
618,58,Female,Married,11.0,30775.0,6051,12159.0,90367,1,0,Education,60,13.19,0,Fully Paid
619,26,Male,Divorced,0.0,104995.0,61563,,66543,4,1,Vacation,24,12.49,0,Fully Paid
620,64,Female,Married,20.0,167745.0,49757,89436.0,55648,7,2,Car Loan,12,23.51,1,Defaulted
621,52,Male,Divorced,28.0,142808.0,56257,86976.0,26331,3,0,Education,48,21.58,0,Fully Paid
622,41,Female,Divorced,8.0,178128.0,5307,24678.0,10763,6,4,Education,36,7.18,1,Defaulted
623,36,Female,Married,28.0,157686.0,61889,71075.0,69444,3,1,Education,48,7.16,0,Fully Paid
624,41,Female,Single,8.0,27415.0,73895,,93109,3,0,Vacation,24,13.56,1,Defaulted
625,31,Male,Married,3.0,194956.0,40944,22021.0,19187,2,1,Education,12,6.97,0,Fully Paid
626,57,Male,Divorced,2.0,168036.0,43134,16772.0,11957,6,0,Vacation,24,17.38,0,Fully Paid
627,56,Female,Single,16.0,188798.0,32323,77163.0,4379,2,1,Vacation,36,7.87,0,Fully Paid
628,55,Female,Married,1.0,57044.0,76762,83755.0,27959,6,1,Car Loan,36,15.45,0,Fully Paid
629,39,Male,Married,23.0,188616.0,30954,33464.0,82018,5,0,Home Improvement,12,5.14,0,Fully Paid
630,40,Male,Married,0.0,69976.0,60021,61137.0,27105,2,0,Vacation,60,11.33,0,Fully Paid
631,38,Male,Single,7.0,183324.0,75427,40232.0,877,2,0,Debt Consolidation,48,18.54,0,Fully Paid
632,61,Female,Divorced,12.0,,9992,71497.0,48353,2,0,Education,48,14.68,0,Fully Paid
633,34,Male,Married,22.0,54148.0,6961,84024.0,83788,7,1,Debt Consolidation,36,24.57,0,Fully Paid
634,35,Male,Married,14.0,132230.0,17497,61448.0,96870,4,3,Education,24,22.48,0,Fully Paid
635,51,Female,Married,7.0,105076.0,37551,94517.0,84585,2,0,Car Loan,24,12.18,0,Fully Paid
636,21,Male,Married,11.0,58402.0,60755,10901.0,83308,1,3,Vacation,60,5.91,0,Fully Paid
637,23,Male,Married,21.0,58578.0,18255,97980.0,51567,1,3,Home Improvement,24,21.91,0,Fully Paid
638,36,Male,Divorced,11.0,110453.0,9567,93597.0,57913,6,2,Vacation,48,23.22,0,Fully Paid
639,43,Female,Divorced,13.0,173390.0,53847,12881.0,2637,5,2,Education,24,21.41,0,Fully Paid
640,31,Female,Married,14.0,95715.0,53003,39863.0,72778,4,1,Home Improvement,60,7.56,0,Fully Paid
641,32,Female,Single,14.0,131435.0,25389,15622.0,42025,7,3,Vacation,48,24.96,0,Fully Paid
642,30,Female,Divorced,8.0,171538.0,49523,11378.0,99508,6,1,Home Improvement,24,10.17,0,Fully Paid
643,52,Female,Single,18.0,115742.0,66576,93168.0,82464,1,0,Education,48,19.48,0,Fully Paid
644,36,Female,Divorced,25.0,65475.0,48919,81186.0,28742,4,0,Car Loan,36,23.16,1,Defaulted
645,28,Female,Married,19.0,80142.0,8358,55201.0,11831,4,1,Car Loan,36,9.71,0,Fully Paid
646,58,Male,Divorced,28.0,177636.0,10698,69251.0,85092,5,1,Vacation,36,23.17,0,Fully Paid
647,32,Male,Married,21.0,173484.0,71809,82572.0,90879,4,1,Debt Consolidation,24,11.19,0,Fully Paid
648,44,Female,Divorced,7.0,113526.0,60805,49255.0,88370,2,0,Education,60,24.53,0,Fully Paid
649,48,Male,Married,20.0,71001.0,36349,73212.0,46762,4,0,Vacation,48,10.63,0,Fully Paid
650,28,Male,Married,18.0,77649.0,55248,60210.0,98958,5,3,Vacation,12,24.07,0,Fully Paid
651,48,Female,Married,5.0,186589.0,49041,32499.0,88741,6,0,Car Loan,36,6.07,1,Defaulted
652,56,Male,Married,19.0,,36954,61628.0,18830,5,1,Home Improvement,36,19.19,1,Defaulted
653,46,Male,Single,24.0,174136.0,13002,71360.0,55044,7,1,Education,12,15.64,0,Fully Paid
654,28,Male,Married,28.0,45711.0,74783,14603.0,73948,5,0,Home Improvement,12,14.56,0,Fully Paid
655,48,Male,Single,18.0,50106.0,24738,95473.0,69202,1,3,Education,24,9.47,0,Fully Paid
656,48,Male,Single,3.0,85458.0,15703,22632.0,37045,2,0,Debt Consolidation,48,19.11,0,Fully Paid
657,57,Female,Married,22.0,167661.0,54422,40607.0,86322,1,1,Car Loan,36,8.82,1,Defaulted
658,61,Female,Single,6.0,150429.0,66899,75756.0,71051,6,0,Debt Consolidation,60,16.06,0,Fully Paid
659,56,Female,Divorced,27.0,121754.0,17392,56994.0,26627,3,0,Vacation,24,10.06,0,Fully Paid
660,47,Male,Married,27.0,158286.0,49724,73382.0,15198,6,0,Car Loan,24,24.11,0,Fully Paid
661,37,Female,Single,3.0,146479.0,37299,80354.0,69521,2,3,Vacation,60,5.57,0,Fully Paid
662,29,Male,Married,21.0,178199.0,20641,66344.0,29475,4,1,Debt Consolidation,60,8.99,1,Defaulted
663,53,Male,Married,11.0,156213.0,11305,63775.0,19403,5,2,Education,60,9.85,0,Fully Paid
664,40,Male,Married,12.0,48884.0,23782,17349.0,3681,3,1,Vacation,12,13.28,0,Fully Paid
665,33,Male,Single,2.0,22708.0,25566,81154.0,91555,2,0,Home Improvement,36,9.65,0,Fully Paid
666,48,Female,Divorced,21.0,38375.0,72766,37464.0,93122,1,2,Education,12,14.83,1,Defaulted
667,49,Female,Divorced,11.0,35088.0,11511,52624.0,42292,5,1,Education,36,22.45,0,Fully Paid
668,33,Male,Single,1.0,77615.0,31177,47344.0,5629,6,0,Debt Consolidation,12,19.24,1,Defaulted
669,55,Female,Married,23.0,130138.0,9765,93791.0,93246,1,0,Debt Consolidation,48,16.6,0,Fully Paid
670,26,Male,Single,1.0,196118.0,25354,34299.0,95864,2,1,Car Loan,36,6.78,1,Defaulted
671,38,Female,Single,26.0,30014.0,28929,,77814,2,1,Car Loan,24,18.88,0,Fully Paid
672,25,Female,Single,22.0,154345.0,33820,,8417,6,2,Home Improvement,36,8.33,0,Fully Paid
673,45,Male,Married,8.0,198207.0,34523,91441.0,34765,3,0,Education,36,20.73,0,Fully Paid
674,22,Female,Single,0.0,122842.0,76088,91788.0,74499,6,1,Home Improvement,36,10.0,0,Fully Paid
675,30,Male,Married,7.0,181953.0,71163,50581.0,56574,4,0,Home Improvement,48,13.34,0,Fully Paid
676,50,Female,Single,22.0,98077.0,18780,81289.0,90545,1,1,Debt Consolidation,12,12.01,1,Defaulted
677,25,Male,Divorced,5.0,159784.0,11589,24175.0,27675,3,2,Home Improvement,24,22.18,0,Fully Paid
678,53,Male,Single,5.0,72874.0,39812,16191.0,72267,5,1,Home Improvement,12,7.53,0,Fully Paid
679,21,Female,Single,21.0,89087.0,50939,93434.0,40563,7,0,Vacation,12,16.31,0,Fully Paid
680,38,Female,Divorced,24.0,32297.0,56493,94518.0,11332,4,1,Car Loan,60,7.84,0,Fully Paid
681,52,Male,Married,17.0,47128.0,45953,90158.0,19177,3,0,Car Loan,48,19.1,1,Defaulted
682,31,Female,Married,16.0,88368.0,70785,76537.0,89254,7,0,Education,60,23.1,0,Fully Paid
683,41,Female,Single,28.0,98958.0,24309,57645.0,68447,7,0,Car Loan,48,13.69,1,Defaulted
684,46,Male,Divorced,11.0,52920.0,59195,33283.0,57104,1,0,Education,12,14.76,1,Defaulted
685,45,Male,Married,5.0,162228.0,30901,96971.0,84335,2,2,Vacation,12,23.55,0,Fully Paid
686,42,Female,Single,25.0,162180.0,28576,69123.0,80730,5,3,Car Loan,48,15.42,0,Fully Paid
687,47,Male,Divorced,26.0,182917.0,36508,40024.0,4951,6,0,Vacation,12,14.75,1,Defaulted
688,33,Male,Married,7.0,153872.0,79711,59630.0,28333,1,1,Car Loan,12,16.57,0,Fully Paid
689,53,Male,Married,18.0,193784.0,30464,40734.0,21673,4,0,Car Loan,24,18.78,0,Fully Paid
690,54,Female,Divorced,27.0,153682.0,65281,10515.0,40870,7,1,Vacation,60,7.14,0,Fully Paid
691,61,Female,Divorced,9.0,97603.0,21260,76727.0,71101,4,0,Home Improvement,60,21.42,0,Fully Paid
692,55,Male,Divorced,0.0,53872.0,40440,56216.0,22821,7,1,Home Improvement,60,13.71,0,Fully Paid
693,21,Female,Divorced,24.0,30728.0,61683,81833.0,25494,2,2,Home Improvement,36,6.45,0,Fully Paid
694,41,Male,Single,28.0,115102.0,46430,68755.0,99477,2,0,Home Improvement,24,20.72,0,Fully Paid
695,26,Female,Divorced,12.0,142049.0,6987,37856.0,74160,5,1,Car Loan,60,12.54,1,Defaulted
696,48,Male,Married,16.0,40583.0,30105,83870.0,835,6,1,Debt Consolidation,60,7.01,0,Fully Paid
697,37,Male,Married,2.0,105774.0,18026,34162.0,18646,5,1,Vacation,24,17.68,0,Fully Paid
698,25,Female,Single,7.0,158335.0,73309,16008.0,77360,2,1,Debt Consolidation,12,22.6,0,Fully Paid
699,51,Male,Married,13.0,146374.0,50927,17987.0,37335,2,1,Debt Consolidation,60,22.76,0,Fully Paid
700,25,Female,Married,2.0,170528.0,62535,72532.0,69351,4,0,Education,12,24.15,0,Fully Paid
701,58,Female,Divorced,15.0,111118.0,47946,,2429,2,0,Home Improvement,60,22.35,0,Fully Paid
702,23,Male,Married,12.0,85942.0,61561,76323.0,41950,3,1,Car Loan,48,5.04,0,Fully Paid
703,43,Male,Single,19.0,33689.0,15377,48990.0,60654,7,1,Home Improvement,36,12.6,0,Fully Paid
704,57,Female,Divorced,23.0,184006.0,58592,19873.0,68143,1,2,Home Improvement,60,21.37,0,Fully Paid
705,57,Male,Divorced,16.0,53276.0,12347,92542.0,91186,2,0,Debt Consolidation,48,12.33,1,Defaulted
706,30,Male,Single,12.0,121968.0,38776,95761.0,97889,5,0,Education,24,17.03,0,Fully Paid
707,30,Male,Divorced,28.0,170945.0,8783,46444.0,77527,6,1,Home Improvement,48,17.13,1,Defaulted
708,39,Male,Divorced,5.0,33050.0,60798,45340.0,86704,7,0,Vacation,24,12.3,1,Defaulted
709,37,Male,Single,,,9298,15033.0,31099,7,1,Vacation,60,23.09,0,Fully Paid
710,41,Female,Divorced,13.0,104040.0,75204,83324.0,39385,6,1,Home Improvement,24,15.06,0,Fully Paid
711,34,Female,Single,16.0,41644.0,60161,25689.0,35919,6,1,Debt Consolidation,48,14.3,0,Fully Paid
712,29,Male,Single,29.0,82021.0,65652,97134.0,96952,7,2,Debt Consolidation,36,24.95,1,Defaulted
713,21,Male,Married,7.0,188197.0,39484,10066.0,60782,3,0,Car Loan,12,14.87,0,Fully Paid
714,33,Male,Married,,62291.0,25922,55246.0,71116,5,1,Education,12,8.57,0,Fully Paid
715,24,Female,Divorced,19.0,186132.0,39028,17533.0,72590,3,3,Debt Consolidation,36,15.26,0,Fully Paid
716,21,Male,Divorced,27.0,152610.0,25316,90639.0,89626,2,0,Car Loan,12,21.28,0,Fully Paid
717,60,Female,Single,0.0,187248.0,21968,80152.0,40387,1,2,Vacation,60,20.54,0,Fully Paid
718,52,Female,Divorced,25.0,61520.0,35266,69658.0,15823,6,4,Vacation,60,20.77,0,Fully Paid
719,54,Female,Single,6.0,45675.0,29000,48498.0,46015,5,0,Vacation,48,19.16,0,Fully Paid
720,48,Male,Single,20.0,169359.0,19011,21772.0,15339,6,1,Home Improvement,48,10.08,0,Fully Paid
721,51,Female,Divorced,20.0,20174.0,7866,99385.0,3491,3,2,Education,24,22.24,0,Fully Paid
722,28,Male,Single,,112268.0,10898,59036.0,706,4,1,Car Loan,48,22.87,0,Fully Paid
723,59,Female,Married,29.0,54998.0,23395,68531.0,97493,2,0,Education,60,8.88,0,Fully Paid
724,46,Male,Divorced,9.0,,44019,22940.0,15728,1,2,Home Improvement,48,7.61,0,Fully Paid
725,54,Female,Married,10.0,125410.0,9006,26932.0,6997,2,3,Car Loan,12,24.51,1,Defaulted
726,23,Male,Divorced,21.0,95225.0,39393,66827.0,60408,4,3,Car Loan,24,22.37,1,Defaulted
727,32,Female,Single,29.0,64814.0,15956,71431.0,58097,1,2,Debt Consolidation,24,22.86,0,Fully Paid
728,21,Male,Divorced,8.0,105091.0,55042,34648.0,38523,4,0,Education,60,22.73,0,Fully Paid
729,64,Male,Married,8.0,70719.0,11078,42966.0,25163,2,0,Education,48,15.83,0,Fully Paid
730,25,Male,Single,23.0,149887.0,34631,37777.0,17718,3,0,Debt Consolidation,12,17.93,0,Fully Paid
731,50,Male,Divorced,4.0,53919.0,67901,42567.0,87508,7,2,Vacation,48,15.91,0,Fully Paid
732,50,Female,Divorced,16.0,93155.0,74497,27174.0,83767,2,0,Home Improvement,36,6.02,0,Fully Paid
733,37,Female,Divorced,8.0,91569.0,46574,52598.0,39619,2,1,Education,48,19.91,0,Fully Paid
734,43,Male,Married,16.0,61328.0,36417,69199.0,12126,2,0,Debt Consolidation,60,15.11,0,Fully Paid
735,35,Female,Married,23.0,44618.0,70006,23798.0,89131,5,0,Car Loan,48,17.95,0,Fully Paid
736,57,Male,Divorced,20.0,54675.0,44454,75364.0,64926,4,1,Debt Consolidation,24,15.05,0,Fully Paid
737,41,Male,Single,18.0,38919.0,6587,27558.0,40633,4,1,Vacation,12,14.84,0,Fully Paid
738,34,Female,Single,26.0,24173.0,59710,71084.0,77654,6,6,Home Improvement,60,8.44,0,Fully Paid
739,22,Male,Married,6.0,129369.0,23816,54237.0,3317,4,0,Vacation,36,10.57,0,Fully Paid
740,31,Male,Single,22.0,46400.0,34432,75497.0,44980,6,0,Car Loan,12,8.18,1,Defaulted
741,59,Female,Married,8.0,,53617,10178.0,44115,5,0,Car Loan,12,8.91,0,Fully Paid
742,58,Male,Divorced,6.0,188636.0,77373,96006.0,61646,3,1,Car Loan,24,24.46,1,Defaulted
743,54,Male,Married,12.0,196886.0,39217,27118.0,43158,6,2,Car Loan,24,8.06,0,Fully Paid
744,58,Male,Married,10.0,108791.0,25884,32616.0,55963,2,2,Debt Consolidation,24,10.39,0,Fully Paid
745,54,Male,Divorced,13.0,179034.0,10454,10798.0,47631,3,1,Car Loan,60,16.81,0,Fully Paid
746,38,Female,Single,18.0,90533.0,79960,17601.0,49316,7,1,Car Loan,48,17.2,0,Fully Paid
747,50,Female,Married,10.0,123591.0,48618,35363.0,59342,5,2,Debt Consolidation,12,8.08,0,Fully Paid
748,35,Female,Married,12.0,161650.0,67671,12795.0,15504,4,0,Car Loan,48,20.87,0,Fully Paid
749,47,Male,Divorced,13.0,151060.0,52111,55264.0,68593,6,2,Vacation,48,20.7,0,Fully Paid
750,54,Male,Single,12.0,169696.0,44613,82833.0,26660,2,1,Vacation,24,9.75,0,Fully Paid
751,58,Female,Married,0.0,59194.0,64993,13084.0,37196,1,2,Education,48,10.77,0,Fully Paid
752,53,Male,Divorced,7.0,129903.0,13848,86646.0,65938,7,0,Vacation,12,23.76,0,Fully Paid
753,44,Male,Married,11.0,151461.0,71125,10731.0,8605,1,4,Home Improvement,12,21.51,0,Fully Paid
754,35,Male,Divorced,18.0,119303.0,66602,11129.0,57388,3,1,Home Improvement,36,18.96,1,Defaulted
755,50,Male,Single,11.0,133903.0,77045,38022.0,81297,4,1,Home Improvement,60,6.64,0,Fully Paid
756,62,Female,Single,7.0,87391.0,47222,11605.0,55501,1,0,Debt Consolidation,48,13.37,0,Fully Paid
757,37,Female,Single,7.0,164866.0,54223,87506.0,53309,3,1,Vacation,60,16.19,0,Fully Paid
758,25,Female,Single,28.0,78002.0,70333,54130.0,27043,5,0,Home Improvement,60,8.75,0,Fully Paid
759,49,Male,Married,20.0,55531.0,57732,39265.0,33635,3,1,Education,60,13.96,0,Fully Paid
760,24,Female,Married,12.0,24986.0,54420,42330.0,79315,7,0,Debt Consolidation,60,17.02,1,Defaulted
761,30,Female,Single,11.0,52298.0,7462,78469.0,80691,3,0,Education,12,11.55,0,Fully Paid
762,37,Male,Single,28.0,21481.0,14460,,33132,7,2,Vacation,48,20.62,1,Defaulted
763,30,Male,Single,15.0,76408.0,14275,35791.0,89387,3,2,Car Loan,36,21.81,0,Fully Paid
764,37,Female,Married,0.0,141950.0,18269,80610.0,15366,2,2,Education,60,11.47,0,Fully Paid
765,40,Female,Single,12.0,,70942,,93944,3,0,Car Loan,36,21.77,0,Fully Paid
766,44,Female,Single,25.0,145355.0,77920,10893.0,72107,6,2,Debt Consolidation,12,7.07,0,Fully Paid
767,25,Female,Single,6.0,47798.0,27553,29773.0,62580,3,1,Education,12,21.75,0,Fully Paid
768,54,Male,Divorced,27.0,111649.0,29366,14239.0,57889,2,2,Education,24,8.06,0,Fully Paid
769,26,Female,Single,25.0,84887.0,49036,30863.0,79553,2,1,Debt Consolidation,60,6.66,0,Fully Paid
770,22,Female,Divorced,4.0,39477.0,22369,61415.0,39236,5,0,Debt Consolidation,24,17.84,1,Defaulted
771,33,Male,Divorced,7.0,168338.0,16795,78968.0,4150,7,2,Home Improvement,36,14.44,0,Fully Paid
772,63,Female,Single,24.0,147815.0,75021,70430.0,19423,4,1,Vacation,48,23.16,1,Defaulted
773,63,Male,Divorced,26.0,194598.0,73154,11515.0,4137,1,0,Education,24,12.26,0,Fully Paid
774,31,Male,Single,13.0,147426.0,35143,24605.0,29992,1,1,Education,12,10.74,0,Fully Paid
775,43,Male,Married,22.0,162961.0,34425,66240.0,94438,3,1,Debt Consolidation,60,15.01,1,Defaulted
776,36,Female,Married,29.0,,10368,15586.0,44921,5,1,Debt Consolidation,36,14.12,1,Defaulted
777,51,Female,Married,12.0,162326.0,9621,41186.0,79369,3,3,Vacation,12,11.89,0,Fully Paid
778,31,Male,Married,14.0,106610.0,63829,36928.0,66917,1,1,Debt Consolidation,48,18.87,0,Fully Paid
779,36,Female,Divorced,22.0,31442.0,65294,93087.0,73690,7,2,Car Loan,60,20.19,0,Fully Paid
780,28,Female,Single,16.0,66289.0,19719,97029.0,34235,7,1,Car Loan,48,22.06,0,Fully Paid
781,24,Male,Single,14.0,73747.0,34227,30711.0,78975,7,2,Car Loan,48,24.46,0,Fully Paid
782,60,Male,Single,19.0,57327.0,12566,64962.0,19122,2,1,Car Loan,60,10.33,0,Fully Paid
783,24,Female,Married,17.0,167271.0,17306,30039.0,23956,4,0,Vacation,60,19.32,1,Defaulted
784,45,Male,Married,17.0,92827.0,58822,46561.0,63879,5,2,Education,48,12.89,1,Defaulted
785,23,Female,Single,1.0,126464.0,29042,85483.0,58560,2,1,Car Loan,36,18.54,0,Fully Paid
786,52,Female,Married,3.0,151184.0,20086,91395.0,82800,4,4,Debt Consolidation,60,14.52,0,Fully Paid
787,23,Female,Single,29.0,107051.0,22387,98658.0,68685,5,0,Car Loan,12,24.88,1,Defaulted
788,47,Female,Single,0.0,170653.0,32042,11577.0,24660,5,1,Vacation,24,19.58,0,Fully Paid
789,49,Male,Single,3.0,79722.0,56618,38350.0,86064,1,0,Debt Consolidation,36,24.05,0,Fully Paid
790,52,Male,Single,17.0,112036.0,23323,43798.0,1168,2,1,Car Loan,60,21.7,0,Fully Paid
791,39,Male,Single,4.0,167595.0,23019,91417.0,45124,5,5,Education,60,23.06,0,Fully Paid
792,41,Male,Single,18.0,86960.0,45863,20785.0,35897,6,1,Debt Consolidation,36,21.29,1,Defaulted
793,25,Female,Single,14.0,39552.0,15283,82227.0,15032,7,2,Debt Consolidation,24,14.18,0,Fully Paid
794,38,Female,Married,27.0,161880.0,23279,71957.0,52797,5,0,Education,48,10.04,0,Fully Paid
795,48,Male,Single,7.0,174692.0,51999,75431.0,35294,4,1,Debt Consolidation,12,12.41,0,Fully Paid
796,62,Female,Single,19.0,20887.0,67780,27297.0,43827,1,2,Car Loan,60,5.4,1,Defaulted
797,42,Female,Married,16.0,51802.0,27908,81894.0,3516,3,1,Debt Consolidation,24,15.48,1,Defaulted
798,41,Female,Married,0.0,105024.0,66584,73772.0,19751,7,1,Car Loan,12,15.1,0,Fully Paid
799,26,Male,Married,11.0,138639.0,55225,29581.0,30373,1,1,Education,36,15.51,0,Fully Paid
800,21,Male,Single,25.0,138248.0,42952,65192.0,30270,3,0,Home Improvement,60,24.48,0,Fully Paid
801,25,Male,Divorced,18.0,101938.0,42663,11462.0,10386,2,1,Education,48,23.23,0,Fully Paid
802,61,Female,Divorced,14.0,142746.0,66381,74173.0,64817,2,1,Car Loan,36,8.23,0,Fully Paid
803,32,Male,Married,8.0,46049.0,52929,,65184,5,3,Vacation,60,12.38,0,Fully Paid
804,46,Male,Divorced,6.0,97789.0,14343,86106.0,79693,6,1,Education,24,13.48,0,Fully Paid
805,54,Male,Married,1.0,104526.0,44791,58665.0,37879,2,0,Vacation,12,12.21,0,Fully Paid
806,34,Male,Single,28.0,158918.0,34134,54414.0,49597,5,3,Vacation,12,20.97,0,Fully Paid
807,46,Male,Divorced,8.0,66220.0,52101,91010.0,39132,7,0,Car Loan,60,15.48,1,Defaulted
808,47,Male,Single,9.0,66163.0,74443,82573.0,3626,1,0,Car Loan,36,16.44,0,Fully Paid
809,29,Female,Divorced,1.0,154837.0,62530,23386.0,85936,2,2,Home Improvement,48,22.06,0,Fully Paid
810,46,Female,Single,18.0,137126.0,51799,64460.0,81515,1,1,Debt Consolidation,24,21.12,1,Defaulted
811,42,Male,Divorced,10.0,,9827,16221.0,77065,1,1,Education,60,7.64,0,Fully Paid
812,50,Male,Single,12.0,196342.0,67653,33474.0,55390,6,3,Car Loan,24,19.28,0,Fully Paid
813,63,Female,Single,9.0,95277.0,18699,31045.0,16645,2,0,Education,12,13.71,0,Fully Paid
814,37,Female,Divorced,13.0,124245.0,10313,14922.0,91960,1,0,Vacation,48,10.89,0,Fully Paid
815,46,Male,Single,17.0,142332.0,18598,32706.0,54144,6,1,Debt Consolidation,24,6.0,0,Fully Paid
816,56,Male,Single,18.0,42931.0,33807,52771.0,13382,6,3,Home Improvement,60,14.74,0,Fully Paid
817,21,Male,Single,21.0,109116.0,75423,62335.0,4025,2,0,Education,48,12.11,1,Defaulted
818,28,Male,Divorced,8.0,75633.0,74390,62949.0,43226,6,1,Debt Consolidation,36,10.03,0,Fully Paid
819,55,Female,Divorced,24.0,71913.0,50226,80714.0,79380,2,2,Home Improvement,60,18.89,0,Fully Paid
820,35,Male,Single,6.0,114776.0,64550,25240.0,69711,2,1,Education,24,20.39,0,Fully Paid
821,42,Male,Single,27.0,45991.0,8558,12716.0,96055,3,0,Debt Consolidation,48,9.9,0,Fully Paid
822,34,Male,Divorced,2.0,124092.0,55113,26574.0,74710,1,4,Car Loan,60,5.99,0,Fully Paid
823,46,Male,Divorced,19.0,161633.0,57999,93255.0,3443,4,0,Education,48,21.98,0,Fully Paid
824,48,Female,Single,5.0,167973.0,60878,83717.0,21395,2,0,Debt Consolidation,48,5.2,0,Fully Paid
825,43,Female,Single,26.0,115556.0,41343,54066.0,10725,1,1,Home Improvement,48,23.74,0,Fully Paid
826,34,Female,Single,20.0,82875.0,63219,71826.0,33461,7,1,Debt Consolidation,24,17.55,0,Fully Paid
827,44,Male,Married,1.0,176989.0,40186,30213.0,41115,6,2,Car Loan,60,11.44,0,Fully Paid
828,22,Male,Divorced,28.0,82120.0,41966,81916.0,96887,5,0,Education,12,9.93,1,Defaulted
829,46,Female,Married,5.0,153060.0,38769,76151.0,83732,2,2,Education,12,5.18,0,Fully Paid
830,34,Male,Divorced,2.0,130041.0,58218,60906.0,79790,6,1,Education,24,9.71,0,Fully Paid
831,27,Male,Divorced,15.0,,24229,10463.0,79557,6,2,Car Loan,24,7.75,0,Fully Paid
832,23,Female,Divorced,29.0,165328.0,32877,41973.0,71260,6,2,Home Improvement,48,17.24,0,Fully Paid
833,43,Female,Divorced,7.0,138490.0,63001,84694.0,28690,6,0,Education,60,8.33,0,Fully Paid
834,63,Female,Divorced,1.0,146155.0,43084,30651.0,1407,6,1,Home Improvement,60,15.57,0,Fully Paid
835,38,Female,Divorced,16.0,48230.0,21806,78694.0,73568,2,0,Debt Consolidation,36,16.8,0,Fully Paid
836,58,Male,Divorced,8.0,79778.0,42034,30008.0,58560,7,2,Home Improvement,36,10.96,0,Fully Paid
837,55,Male,Married,29.0,65833.0,45317,80474.0,47340,4,0,Home Improvement,12,5.7,1,Defaulted
838,35,Female,Single,11.0,42625.0,60468,48185.0,17794,3,0,Education,36,5.75,0,Fully Paid
839,45,Male,Single,,52088.0,24094,97924.0,19881,6,1,Vacation,36,5.53,1,Defaulted
840,57,Female,Married,10.0,192239.0,62796,84417.0,86292,6,0,Vacation,12,19.78,0,Fully Paid
841,48,Female,Married,0.0,123937.0,15589,81139.0,94952,3,0,Car Loan,12,11.36,0,Fully Paid
842,30,Male,Married,22.0,96361.0,62221,44980.0,49703,7,1,Car Loan,36,20.93,0,Fully Paid
843,59,Female,Married,12.0,108229.0,6657,32504.0,44354,7,1,Vacation,60,13.63,1,Defaulted
844,37,Male,Divorced,14.0,155189.0,44531,,91288,2,0,Debt Consolidation,36,14.06,1,Defaulted
845,59,Male,Single,25.0,110265.0,57227,26766.0,78462,1,1,Education,48,15.26,0,Fully Paid
846,42,Male,Divorced,4.0,117718.0,8164,21695.0,99301,5,1,Education,48,19.26,0,Fully Paid
847,46,Male,Single,20.0,80710.0,46247,27796.0,14390,5,1,Debt Consolidation,48,10.47,0,Fully Paid
848,64,Female,Single,29.0,114876.0,24601,52543.0,87475,1,0,Debt Consolidation,24,7.43,0,Fully Paid
849,45,Male,Married,16.0,50949.0,55599,24559.0,27307,2,2,Vacation,48,16.12,0,Fully Paid
850,37,Female,Divorced,24.0,173619.0,76545,43139.0,96364,5,1,Car Loan,60,11.54,1,Defaulted
851,33,Female,Married,22.0,88136.0,9552,18802.0,94049,7,2,Debt Consolidation,24,13.85,0,Fully Paid
852,40,Female,Divorced,23.0,131541.0,14417,83843.0,24502,3,2,Car Loan,24,17.94,0,Fully Paid
853,45,Female,Single,24.0,81842.0,63579,50205.0,95599,1,2,Home Improvement,48,14.88,0,Fully Paid
854,24,Male,Married,5.0,46990.0,73207,44159.0,22486,7,2,Education,36,17.41,0,Fully Paid
855,30,Male,Married,,167265.0,77055,21516.0,38258,4,1,Vacation,12,15.88,0,Fully Paid
856,23,Female,Single,20.0,50109.0,8722,60492.0,57716,2,2,Education,36,19.8,0,Fully Paid
857,61,Female,Single,21.0,150356.0,75442,39086.0,97228,1,1,Vacation,36,19.12,1,Defaulted
858,38,Male,Single,10.0,170305.0,45031,,81494,5,0,Home Improvement,24,15.68,0,Fully Paid
859,56,Female,Married,17.0,148133.0,26438,62091.0,82768,2,1,Education,24,18.58,0,Fully Paid
860,42,Male,Divorced,3.0,185582.0,63819,57766.0,10748,3,1,Home Improvement,24,22.47,0,Fully Paid
861,54,Female,Married,2.0,21306.0,48856,48737.0,62785,2,2,Vacation,60,13.65,0,Fully Paid
862,28,Male,Divorced,12.0,23849.0,38576,19265.0,76050,2,3,Debt Consolidation,60,13.26,0,Fully Paid
863,60,Female,Married,22.0,32360.0,46938,80990.0,22738,3,0,Education,12,20.28,0,Fully Paid
864,64,Female,Married,8.0,131072.0,54028,25386.0,74231,6,0,Home Improvement,24,16.65,0,Fully Paid
865,39,Male,Single,20.0,114767.0,64807,47425.0,73606,3,4,Education,48,6.42,1,Defaulted
866,62,Female,Divorced,5.0,196872.0,54877,53254.0,93301,7,3,Education,24,22.84,0,Fully Paid
867,61,Female,Married,25.0,188035.0,48461,99863.0,41662,2,2,Education,60,5.62,0,Fully Paid
868,57,Male,Married,29.0,74330.0,45469,63634.0,96297,3,1,Car Loan,24,19.97,1,Defaulted
869,26,Female,Single,27.0,71707.0,25435,96717.0,82234,6,2,Home Improvement,60,20.18,0,Fully Paid
870,46,Male,Single,11.0,38689.0,19191,57662.0,15123,7,2,Home Improvement,24,24.06,1,Defaulted
871,54,Male,Divorced,1.0,49084.0,32386,96988.0,25616,1,0,Education,48,6.08,0,Fully Paid
872,26,Female,Married,2.0,60387.0,36721,97527.0,11182,3,1,Debt Consolidation,12,16.94,0,Fully Paid
873,57,Female,Divorced,,94816.0,59786,85452.0,90369,3,0,Education,48,13.56,1,Defaulted
874,53,Female,Married,27.0,22642.0,18704,20143.0,98878,2,1,Car Loan,60,11.61,1,Defaulted
875,42,Female,Divorced,,,61635,25581.0,62013,7,1,Vacation,36,6.81,0,Fully Paid
876,41,Female,Single,14.0,82260.0,7123,77443.0,31331,1,1,Car Loan,48,16.25,0,Fully Paid
877,26,Female,Married,,166510.0,67993,39424.0,46098,4,3,Debt Consolidation,24,14.58,0,Fully Paid
878,26,Female,Divorced,22.0,68442.0,30416,98844.0,26128,4,0,Education,12,7.09,1,Defaulted
879,24,Male,Single,7.0,123061.0,6814,51984.0,31556,5,2,Home Improvement,24,17.25,0,Fully Paid
880,50,Female,Single,10.0,154066.0,55258,51505.0,87505,3,0,Education,24,19.76,1,Defaulted
881,31,Male,Divorced,15.0,145844.0,21508,72699.0,21876,3,1,Debt Consolidation,48,20.35,0,Fully Paid
882,50,Female,Married,25.0,119575.0,40699,36957.0,8949,1,1,Home Improvement,12,23.11,0,Fully Paid
883,51,Female,Married,26.0,21813.0,51335,35464.0,51962,6,2,Car Loan,36,13.19,0,Fully Paid
884,44,Male,Single,24.0,113027.0,51806,33649.0,90054,4,2,Vacation,24,24.06,0,Fully Paid
885,29,Female,Married,21.0,143489.0,68768,52065.0,71206,5,1,Vacation,12,22.31,1,Defaulted
886,23,Female,Married,3.0,104381.0,40739,44758.0,24099,1,1,Education,36,10.93,0,Fully Paid
887,51,Male,Married,27.0,75276.0,39785,15596.0,12716,3,0,Car Loan,24,8.19,1,Defaulted
888,60,Female,Single,0.0,61243.0,36980,26374.0,52611,4,1,Debt Consolidation,12,13.71,0,Fully Paid
889,57,Female,Divorced,23.0,80272.0,6609,13775.0,38885,7,1,Vacation,48,13.04,0,Fully Paid
890,56,Female,Married,6.0,193123.0,71253,37388.0,53144,5,2,Car Loan,24,16.51,1,Defaulted
891,44,Male,Single,1.0,85618.0,33141,31029.0,65220,2,2,Education,24,16.67,0,Fully Paid
892,51,Female,Single,23.0,21920.0,35009,93981.0,7837,4,1,Home Improvement,12,20.0,0,Fully Paid
893,26,Female,Divorced,27.0,126121.0,11782,63639.0,49355,5,1,Education,24,15.2,0,Fully Paid
894,22,Female,Married,4.0,96872.0,30933,24645.0,47299,1,1,Education,36,7.1,1,Defaulted
895,40,Female,Married,6.0,101132.0,13307,41105.0,19159,2,1,Car Loan,24,22.17,1,Defaulted
896,48,Male,Divorced,3.0,22093.0,43346,23668.0,51012,5,1,Vacation,60,11.2,0,Fully Paid
897,31,Male,Divorced,4.0,32905.0,55772,25960.0,59305,5,0,Car Loan,36,24.43,1,Defaulted
898,24,Female,Single,23.0,141759.0,77084,21357.0,87096,3,2,Home Improvement,12,7.36,0,Fully Paid
899,35,Female,Single,0.0,175423.0,45149,74604.0,17106,6,1,Car Loan,36,24.17,0,Fully Paid
900,26,Male,Divorced,0.0,50981.0,32526,61796.0,58123,4,1,Debt Consolidation,60,6.82,1,Defaulted
901,50,Male,Married,14.0,93903.0,73477,25804.0,8720,3,2,Education,60,9.62,0,Fully Paid
902,58,Female,Single,19.0,90821.0,10695,24626.0,37661,7,1,Vacation,24,5.93,1,Defaulted
903,22,Male,Single,18.0,129200.0,44169,38132.0,93898,2,1,Home Improvement,24,19.1,0,Fully Paid
904,35,Female,Married,28.0,,52947,17951.0,93794,6,1,Education,48,22.01,0,Fully Paid
905,31,Male,Single,,136506.0,52224,16449.0,87318,5,2,Car Loan,36,13.68,0,Fully Paid
906,28,Male,Married,27.0,98513.0,50865,29065.0,21120,3,1,Debt Consolidation,48,23.57,0,Fully Paid
907,46,Male,Married,17.0,170946.0,30553,19130.0,19790,6,2,Car Loan,60,16.81,0,Fully Paid
908,64,Male,Married,27.0,158746.0,65410,99360.0,58655,7,0,Education,24,17.6,0,Fully Paid
909,25,Female,Divorced,2.0,70516.0,29816,72287.0,59643,4,0,Home Improvement,24,21.91,0,Fully Paid
910,26,Male,Divorced,10.0,89212.0,60026,61702.0,93448,7,1,Vacation,24,10.94,0,Fully Paid
911,46,Male,Divorced,14.0,153498.0,55705,46993.0,47374,2,1,Education,12,12.09,0,Fully Paid
912,24,Female,Married,26.0,150970.0,66922,41875.0,42907,1,2,Home Improvement,60,23.12,0,Fully Paid
913,39,Male,Married,29.0,110009.0,78914,16054.0,50071,3,2,Education,24,23.02,0,Fully Paid
914,40,Male,Divorced,10.0,181015.0,6881,58517.0,34812,2,0,Debt Consolidation,60,24.53,0,Fully Paid
915,53,Female,Single,16.0,64816.0,44567,86368.0,49570,1,2,Car Loan,24,23.04,1,Defaulted
916,40,Male,Married,16.0,24138.0,52365,39670.0,50901,3,1,Vacation,36,7.55,0,Fully Paid
917,32,Female,Single,5.0,111176.0,75122,59112.0,60186,2,1,Home Improvement,60,21.47,1,Defaulted
918,21,Female,Single,,95945.0,30006,98388.0,50251,7,1,Vacation,48,13.2,0,Fully Paid
919,46,Female,Married,7.0,24017.0,46198,99156.0,65171,2,1,Vacation,12,24.82,0,Fully Paid
920,34,Female,Married,1.0,30451.0,27831,38307.0,36160,6,1,Vacation,48,14.45,1,Defaulted
921,58,Male,Single,15.0,113863.0,21459,77087.0,19156,7,1,Home Improvement,60,16.08,0,Fully Paid
922,57,Female,Single,19.0,30278.0,37443,57922.0,76208,3,1,Home Improvement,24,15.6,0,Fully Paid
923,31,Male,Divorced,23.0,63764.0,47316,73080.0,79980,2,1,Vacation,60,11.43,0,Fully Paid
924,56,Male,Divorced,11.0,143030.0,69486,89335.0,72320,5,0,Car Loan,12,6.5,0,Fully Paid
925,33,Male,Married,5.0,152206.0,10877,36312.0,17929,3,1,Education,60,22.91,0,Fully Paid
926,63,Male,Divorced,0.0,82943.0,44553,76985.0,66606,2,2,Vacation,24,21.05,0,Fully Paid
927,23,Male,Divorced,3.0,115667.0,9922,67608.0,88442,6,1,Debt Consolidation,48,7.79,0,Fully Paid
928,53,Male,Divorced,16.0,74318.0,9686,99962.0,62559,1,0,Vacation,36,20.54,0,Fully Paid
929,26,Male,Divorced,12.0,123423.0,37766,50277.0,54205,1,2,Home Improvement,48,17.52,1,Defaulted
930,30,Male,Single,17.0,,37006,41551.0,68475,5,0,Education,24,13.18,0,Fully Paid
931,25,Male,Married,4.0,80128.0,36422,99813.0,64341,3,0,Debt Consolidation,24,10.08,0,Fully Paid
932,43,Male,Divorced,29.0,41869.0,17205,66597.0,95377,6,0,Education,12,22.19,1,Defaulted
933,30,Female,Single,23.0,25039.0,28527,55212.0,42863,2,1,Education,60,19.0,0,Fully Paid
934,64,Female,Single,23.0,172353.0,23443,19637.0,81837,2,3,Debt Consolidation,60,15.95,0,Fully Paid
935,22,Female,Single,26.0,132935.0,21524,53258.0,65439,1,2,Vacation,48,17.19,0,Fully Paid
936,33,Male,Divorced,2.0,30442.0,33202,45693.0,7194,6,1,Vacation,36,6.82,0,Fully Paid
937,60,Female,Divorced,10.0,93788.0,70552,19824.0,71387,7,1,Vacation,36,14.48,0,Fully Paid
938,22,Female,Married,12.0,139729.0,51142,36950.0,81914,5,2,Car Loan,12,8.87,0,Fully Paid
939,40,Female,Divorced,3.0,47586.0,66692,33488.0,66214,1,0,Vacation,24,9.17,1,Defaulted
940,21,Male,Divorced,25.0,73053.0,25855,10215.0,96176,1,0,Debt Consolidation,12,18.23,1,Defaulted
941,57,Male,Single,26.0,106346.0,65372,21523.0,99292,5,1,Car Loan,60,23.23,1,Defaulted
942,29,Male,Married,13.0,87087.0,30095,85900.0,29777,3,1,Vacation,24,13.08,0,Fully Paid
943,37,Male,Divorced,21.0,163697.0,43724,78689.0,26183,2,0,Car Loan,12,9.15,0,Fully Paid
944,29,Female,Divorced,10.0,54397.0,54241,33834.0,27445,3,1,Debt Consolidation,48,17.97,0,Fully Paid
945,31,Female,Single,,78671.0,57003,44474.0,67038,6,1,Vacation,60,22.42,0,Fully Paid
946,35,Female,Single,9.0,,73379,53066.0,87201,7,1,Home Improvement,36,19.97,0,Fully Paid
947,44,Female,Divorced,18.0,86897.0,20972,20400.0,16198,4,0,Debt Consolidation,12,22.38,0,Fully Paid
948,58,Male,Married,17.0,177221.0,27927,20345.0,21411,4,2,Education,60,15.73,1,Defaulted
949,55,Male,Married,5.0,156355.0,71630,43896.0,50577,4,1,Education,60,20.04,0,Fully Paid
950,50,Male,Single,26.0,158682.0,57347,95430.0,15867,5,0,Debt Consolidation,36,7.8,0,Fully Paid
951,51,Female,Single,28.0,194398.0,74518,38899.0,62501,1,0,Education,36,11.97,1,Defaulted
952,25,Male,Divorced,14.0,34924.0,50283,38229.0,14266,7,5,Debt Consolidation,36,12.79,0,Fully Paid
953,64,Male,Single,20.0,133143.0,17205,15583.0,39422,3,0,Home Improvement,12,15.23,0,Fully Paid
954,34,Female,Divorced,29.0,130253.0,17748,14897.0,35208,2,0,Debt Consolidation,36,23.58,0,Fully Paid
955,31,Female,Married,9.0,120297.0,26097,81537.0,31213,4,4,Vacation,48,22.49,0,Fully Paid
956,29,Male,Married,4.0,20869.0,8092,14567.0,7367,3,1,Vacation,60,7.69,1,Defaulted
957,54,Male,Divorced,25.0,117088.0,58311,84807.0,79026,4,2,Car Loan,36,8.46,0,Fully Paid
958,32,Male,Single,28.0,21014.0,27692,87239.0,35362,7,2,Education,60,12.15,0,Fully Paid
959,55,Male,Married,4.0,30103.0,28862,23329.0,51588,4,0,Education,24,10.81,0,Fully Paid
960,55,Male,Single,9.0,130317.0,75469,81792.0,38285,2,3,Debt Consolidation,24,17.3,0,Fully Paid
961,21,Male,Married,27.0,184530.0,9926,10228.0,74755,6,0,Education,36,23.06,0,Fully Paid
962,60,Female,Divorced,4.0,102409.0,8969,92214.0,71846,6,0,Vacation,60,24.25,0,Fully Paid
963,42,Female,Divorced,2.0,43248.0,40733,47052.0,36307,7,0,Home Improvement,24,18.07,0,Fully Paid
964,49,Female,Divorced,22.0,194588.0,74855,67769.0,95167,6,0,Debt Consolidation,36,21.76,0,Fully Paid
965,28,Male,Married,5.0,180133.0,46743,,80280,5,1,Education,60,15.5,0,Fully Paid
966,31,Female,Single,3.0,175242.0,44876,98721.0,19867,1,1,Vacation,36,9.17,0,Fully Paid
967,61,Male,Single,17.0,,25323,43686.0,56523,5,0,Car Loan,60,15.49,0,Fully Paid
968,57,Male,Single,27.0,105947.0,21428,86981.0,84161,3,3,Education,24,16.1,1,Defaulted
969,34,Female,Married,8.0,194875.0,39578,73261.0,6378,5,0,Home Improvement,36,19.85,1,Defaulted
970,50,Male,Married,,170368.0,69140,12809.0,84685,3,1,Home Improvement,24,9.4,0,Fully Paid
971,55,Male,Married,28.0,111829.0,11364,51785.0,76958,3,1,Education,36,12.37,1,Defaulted
972,41,Female,Married,12.0,112708.0,40349,46547.0,27926,1,1,Education,12,12.28,0,Fully Paid
973,57,Female,Married,26.0,106664.0,5691,52818.0,98707,2,3,Vacation,24,24.19,0,Fully Paid
974,25,Female,Single,14.0,169329.0,71467,81927.0,13180,7,2,Education,24,13.88,0,Fully Paid
975,39,Male,Married,29.0,163927.0,50896,75681.0,92837,1,0,Car Loan,48,20.1,0,Fully Paid
976,34,Female,Married,19.0,105178.0,62062,89465.0,36931,7,2,Vacation,24,20.02,0,Fully Paid
977,46,Female,Single,16.0,121121.0,18861,99862.0,24014,6,0,Debt Consolidation,60,10.31,0,Fully Paid
978,24,Male,Married,12.0,40025.0,68928,47333.0,96472,6,1,Car Loan,36,16.44,1,Defaulted
979,45,Female,Single,15.0,155530.0,46347,,79872,5,1,Vacation,12,22.89,1,Defaulted
980,62,Female,Single,21.0,83610.0,8121,49405.0,58502,3,1,Vacation,60,14.5,0,Fully Paid
981,45,Female,Divorced,3.0,90843.0,33164,83779.0,87736,4,1,Home Improvement,60,23.9,0,Fully Paid
982,38,Male,Divorced,4.0,127237.0,30491,41601.0,5470,4,2,Vacation,60,9.29,0,Fully Paid
983,60,Male,Divorced,4.0,194499.0,64222,,96395,7,1,Car Loan,60,6.48,0,Fully Paid
984,28,Male,Divorced,8.0,150299.0,28165,77356.0,14953,3,0,Education,12,22.83,0,Fully Paid
985,59,Male,Married,16.0,189578.0,8748,62116.0,38507,7,1,Car Loan,48,21.95,0,Fully Paid
986,60,Female,Divorced,12.0,25668.0,31553,72894.0,92969,1,1,Debt Consolidation,24,24.85,0,Fully Paid
987,34,Male,Single,,198267.0,65380,,91493,2,0,Vacation,60,18.59,1,Defaulted
988,52,Male,Married,12.0,93233.0,49331,17465.0,6523,1,0,Vacation,24,23.73,0,Fully Paid
989,58,Female,Divorced,21.0,175489.0,44560,66754.0,86923,3,1,Vacation,24,21.54,0,Fully Paid
990,53,Female,Single,20.0,101982.0,58865,95119.0,57190,3,1,Vacation,60,21.89,0,Fully Paid
991,43,Female,Married,26.0,126133.0,51686,48871.0,47761,2,0,Home Improvement,48,16.38,0,Fully Paid
992,35,Male,Married,22.0,30751.0,9675,72874.0,31169,7,2,Home Improvement,24,12.65,1,Defaulted
993,53,Male,Divorced,18.0,66218.0,71706,87733.0,45641,5,1,Education,36,23.69,0,Fully Paid
994,45,Male,Married,2.0,146649.0,15068,39511.0,22990,5,4,Vacation,24,13.64,1,Defaulted
995,37,Female,Single,9.0,27352.0,59460,90960.0,29661,2,2,Debt Consolidation,60,15.78,1,Defaulted
996,53,Female,Married,1.0,108835.0,51418,58821.0,13419,5,3,Education,12,13.92,0,Fully Paid
997,22,Male,Single,12.0,117493.0,31206,75776.0,14457,4,2,Vacation,24,16.3,0,Fully Paid
998,34,Female,Married,18.0,48927.0,5287,80167.0,67600,5,1,Home Improvement,48,14.41,1,Defaulted
999,60,Female,Divorced,25.0,,27337,85135.0,76102,5,1,Debt Consolidation,36,5.96,1,Defaulted
1000,60,Female,Single,,121948.0,25666,54462.0,33085,5,3,Education,36,22.64,0,Fully Paid
